0,0.6180475121717127,0.5,true,11
1,0.669501941648691,0.5067999999999999,true,14
2,0.715848092971644,0.5139999999999998,true,16
3,0.7606480929716442,0.5212,true,17
4,0.8037371206300357,0.5287999999999999,true,18
5,0.8373957315621537,0.5368,true,18
6,0.8669957315621537,0.5460000000000002,true,19
7,0.8903098357478184,0.5552000000000001,true,20
8,0.9108102400410069,0.5644,true,23
9,0.9287776076141293,0.574,true,23
10,0.944979890036449,0.5836,true,24
11,0.9601798900364491,0.5936,true,24
12,0.973212184161073,0.6036000000000001,true,25
13,0.9840121841610728,0.6136000000000003,true,25
14,0.9911733887792025,0.6236000000000002,true,25
15,0.9955464573742114,0.6336000000000002,true,25
16,0.9979464573742115,0.6436000000000002,true,25
17,1.0,0.6536000000000002,true,25
18,1.0,0.6636,true,25
19,1.0,0.6736000000000001,true,25
20,1.0,0.6836,true,25
21,1.0,0.6936000000000004,true,25
22,1.0,0.7036000000000002,true,25
23,1.0,0.7136000000000002,true,25
24,1.0,0.7236000000000001,true,25
25,1.0,0.7336000000000001,true,25
26,1.0,0.7436,true,25
27,1.0,0.7536,true,25
28,1.0,0.7636000000000004,true,25
29,1.0,0.7736000000000004,true,25
30,1.0,0.7836000000000004,false,25
31,0.9847999999999999,0.7936000000000003,false,25
32,0.9696000000000004,0.8036000000000003,false,25
33,0.9540000000000002,0.8136000000000004,false,25
34,0.9392000000000005,0.8236,false,25
35,0.9239999999999996,0.8336000000000002,false,25
36,0.9087999999999997,0.8436,false,25
37,0.8935999999999996,0.8536000000000006,false,25
38,0.8787999999999999,0.8636000000000003,false,25
39,0.8632,0.8736000000000004,false,25
40,0.8467999999999999,0.8836000000000004,false,25
41,0.8311999999999999,0.8936000000000002,false,25
42,0.8155999999999998,0.9036000000000004,false,25
43,0.7991999999999997,0.9136000000000003,false,25
44,0.7827999999999996,0.9236000000000005,false,25
45,0.7667999999999998,0.9336000000000004,false,15
46,0.7507999999999997,0.9436000000000005,false,14
47,0.7347999999999998,0.9536000000000002,false,13
48,0.7183999999999999,0.9636000000000005,false,12
49,0.7027999999999995,0.9736000000000006,false,12
50,0.6867999999999997,0.9800000000000003,false,9
51,0.6695999999999998,0.9812000000000002,false,9
52,0.6531999999999998,0.9820000000000002,false,9
53,0.6359999999999997,0.9828000000000003,false,8
54,0.6187999999999996,0.9836000000000001,false,7
55,0.6007999999999997,0.9840000000000002,false,6
56,0.5827999999999998,0.9844000000000003,false,5
57,0.5643999999999996,0.9848000000000002,false,4
58,0.5455999999999998,0.9852000000000003,false,3
59,0.5267999999999996,0.9856000000000001,false,3
60,0.5075999999999996,0.9860000000000002,true,0
61,0.5579999999999995,0.9860000000000002,true,4
62,0.6095999999999997,0.9860000000000002,true,6
63,0.6623999999999997,0.9860000000000002,true,9
64,0.7163999999999997,0.9864000000000003,true,10
65,0.7707999999999997,0.9904,true,14
66,0.8187999999999995,0.9928000000000001,true,16
67,0.8615999999999999,0.9948,true,25
68,0.8987999999999998,0.9968,true,25
69,0.9304000000000001,0.9984000000000002,true,25
70,0.9583999999999997,1.0,true,25
71,0.9823999999999998,1.0,true,25
72,1.0,1.0,true,25
73,1.0,1.0,true,25
74,1.0,1.0,true,25
75,1.0,1.0,true,25
76,1.0,1.0,true,25
77,1.0,1.0,true,25
78,1.0,1.0,true,25
79,1.0,1.0,true,25
80,1.0,1.0,true,25
81,1.0,1.0,true,25
82,1.0,1.0,true,25
83,1.0,1.0,true,25
84,1.0,1.0,true,25
85,1.0,1.0,true,25
86,1.0,1.0,true,25
87,1.0,1.0,true,25
88,1.0,1.0,true,25
89,1.0,1.0,true,25
90,1.0,1.0,false,25
91,0.9847999999999999,1.0,false,25
92,0.9692000000000003,1.0,false,25
93,0.9544000000000001,1.0,false,25
94,0.9388000000000004,1.0,false,25
95,0.9231999999999995,1.0,false,25
96,0.9079999999999998,1.0,false,25
97,0.8927999999999997,1.0,false,25
98,0.8787999999999999,1.0,false,25
99,0.8648,1.0,false,25
100,0.8503999999999999,1.0,false,25
101,0.8360000000000001,1.0,false,25
102,0.8211999999999996,1.0,false,25
103,0.8067999999999997,1.0,false,25
104,0.7919999999999996,1.0,false,25
105,0.7763999999999998,1.0,false,15
106,0.7611999999999999,1.0,false,15
107,0.7459999999999998,1.0,false,14
108,0.7303999999999999,1.0,false,14
109,0.7151999999999995,1.0,false,14
110,0.6995999999999997,1.0,false,14
111,0.6843999999999997,1.0,false,13
112,0.6691999999999996,1.0,false,13
113,0.6535999999999995,1.0,false,11
114,0.6375999999999997,1.0,false,10
115,0.6211999999999998,1.0,false,9
116,0.6047999999999998,1.0,false,8
117,0.5879999999999996,1.0,false,7
118,0.5703999999999997,1.0,false,6
119,0.5523999999999997,1.0,false,4
120,0.5331999999999995,1.0,true,0
121,0.5843999999999996,1.0,true,7
122,0.6371999999999998,1.0,true,10
123,0.6907999999999995,1.0,true,13
124,0.7451999999999996,1.0,true,14
125,0.7991999999999997,1.0,true,14
126,0.8439999999999998,1.0,true,16
127,0.8804,1.0,true,25
128,0.9107999999999998,1.0,true,25
129,0.9368000000000001,1.0,true,25
130,0.9599999999999999,1.0,true,25
131,0.9819999999999999,1.0,true,25
132,1.0,1.0,true,25
133,1.0,1.0,true,25
134,1.0,1.0,true,25
135,1.0,1.0,true,25
136,1.0,1.0,true,25
137,1.0,1.0,true,25
138,1.0,1.0,true,25
139,1.0,1.0,true,25
140,1.0,1.0,true,25
141,1.0,1.0,true,25
142,1.0,1.0,true,25
143,1.0,1.0,true,25
144,1.0,1.0,true,25
145,1.0,1.0,true,25
146,1.0,1.0,true,25
147,1.0,1.0,true,25
148,1.0,1.0,true,25
149,1.0,1.0,true,25
150,1.0,1.0,false,25
151,0.9843999999999999,1.0,false,25
152,0.9696000000000002,1.0,false,25
153,0.9544000000000001,1.0,false,25
154,0.9388,1.0,false,25
155,0.9231999999999998,1.0,false,25
156,0.9076,1.0,false,25
157,0.8919999999999998,1.0,false,25
158,0.8756,1.0,false,25
159,0.8588000000000001,1.0,false,25
160,0.8415999999999998,1.0,false,25
161,0.8247999999999999,1.0,false,25
162,0.8091999999999997,1.0,false,25
163,0.7939999999999999,1.0,false,25
164,0.7779999999999996,1.0,false,25
165,0.7619999999999998,1.0,false,16
166,0.7467999999999999,1.0,false,15
167,0.7303999999999998,1.0,false,13
168,0.7143999999999997,1.0,false,13
169,0.6983999999999996,1.0,false,11
170,0.6811999999999998,1.0,false,9
171,0.6639999999999998,1.0,false,8
172,0.6467999999999998,1.0,false,7
173,0.6291999999999995,1.0,false,6
174,0.6111999999999997,1.0,false,6
175,0.5939999999999999,1.0,false,6
176,0.5763999999999997,1.0,false,6
177,0.5579999999999995,1.0,false,5
178,0.5387999999999995,1.0,false,3
179,0.5195999999999996,1.0,false,2
180,0.4999999999999995,1.0,true,0
181,0.5503999999999994,1.0,true,3
182,0.6015999999999998,1.0,true,6
183,0.6547999999999995,1.0,true,7
184,0.7075999999999998,1.0,true,10
185,0.7611999999999998,1.0,true,13
186,0.8111999999999998,1.0,true,17
187,0.8539999999999998,1.0,true,25
188,0.8935999999999997,1.0,true,25
189,0.9299999999999998,1.0,true,25
190,0.9591999999999998,1.0,true,25
191,0.9823999999999999,1.0,true,25
192,1.0,1.0,true,25
193,1.0,1.0,true,25
194,1.0,1.0,true,25
195,1.0,1.0,true,25
196,1.0,1.0,true,25
197,1.0,1.0,true,25
198,1.0,1.0,true,25
199,1.0,1.0,true,25
200,1.0,1.0,true,25
201,1.0,1.0,true,25
202,1.0,1.0,true,25
203,1.0,1.0,true,25
204,1.0,1.0,true,25
205,1.0,1.0,true,25
206,1.0,1.0,true,25
207,1.0,1.0,true,25
208,1.0,1.0,true,25
209,1.0,1.0,true,25
210,1.0,1.0,false,25
211,0.9843999999999999,1.0,false,25
212,0.9688000000000005,1.0,false,25
213,0.9528000000000002,1.0,false,25
214,0.9364000000000001,1.0,false,25
215,0.9199999999999997,1.0,false,25
216,0.9043999999999996,1.0,false,25
217,0.8891999999999998,1.0,false,25
218,0.8739999999999998,1.0,false,25
219,0.8580000000000001,1.0,false,25
220,0.8416,1.0,false,25
221,0.8256,1.0,false,25
222,0.8091999999999997,1.0,false,25
223,0.7927999999999998,1.0,false,25
224,0.7759999999999995,1.0,false,25
225,0.7595999999999996,1.0,false,13
226,0.7427999999999999,1.0,false,13
227,0.726,1.0,false,13
228,0.7091999999999998,1.0,false,13
229,0.6923999999999996,1.0,false,8
230,0.6755999999999999,1.0,false,8
231,0.6583999999999999,1.0,false,7
232,0.6415999999999995,1.0,false,7
233,0.6239999999999994,1.0,false,7
234,0.6067999999999997,1.0,false,7
235,0.5891999999999998,1.0,false,7
236,0.5719999999999995,1.0,false,7
237,0.5547999999999995,1.0,false,6
238,0.5375999999999996,1.0,false,6
239,0.5199999999999997,1.0,false,4
240,0.5007999999999995,1.0,true,0
241,0.5523999999999996,1.0,true,7
242,0.6051999999999998,1.0,true,7
243,0.6579999999999994,1.0,true,7
244,0.7111999999999996,1.0,true,9
245,0.7643999999999997,1.0,true,13
246,0.8067999999999996,1.0,true,14
247,0.8443999999999998,1.0,true,25
248,0.8823999999999999,1.0,true,25
249,0.9203999999999999,1.0,true,25
250,0.9535999999999999,1.0,true,25
251,0.9815999999999998,1.0,true,25
252,1.0,1.0,true,25
253,1.0,1.0,true,25
254,1.0,1.0,true,25
255,1.0,1.0,true,25
256,1.0,1.0,true,25
257,1.0,1.0,true,25
258,1.0,1.0,true,25
259,1.0,1.0,true,25
260,1.0,1.0,true,25
261,1.0,1.0,true,25
262,1.0,1.0,true,25
263,1.0,1.0,true,25
264,1.0,1.0,true,25
265,1.0,1.0,true,25
266,1.0,1.0,true,25
267,1.0,1.0,true,25
268,1.0,1.0,true,25
269,1.0,1.0,true,25
270,1.0,1.0,false,25
271,0.9839999999999999,1.0,false,25
272,0.9684000000000005,1.0,false,25
273,0.9528,1.0,false,25
274,0.9364000000000003,1.0,false,25
275,0.9195999999999996,1.0,false,25
276,0.9031999999999998,1.0,false,25
277,0.8867999999999996,1.0,false,25
278,0.8704,1.0,false,25
279,0.8540000000000002,1.0,false,25
280,0.8371999999999999,1.0,false,25
281,0.8207999999999999,1.0,false,25
282,0.8039999999999996,1.0,false,25
283,0.7875999999999997,1.0,false,25
284,0.7723999999999995,1.0,false,25
285,0.7563999999999997,1.0,false,15
286,0.7399999999999999,1.0,false,11
287,0.7227999999999999,1.0,false,9
288,0.7051999999999998,1.0,false,9
289,0.6879999999999997,1.0,false,9
290,0.6711999999999998,1.0,false,9
291,0.6543999999999996,1.0,false,9
292,0.6379999999999996,1.0,false,9
293,0.6215999999999995,1.0,false,9
294,0.6051999999999996,1.0,false,9
295,0.5883999999999997,1.0,false,9
296,0.5711999999999999,1.0,false,6
297,0.5527999999999996,1.0,false,4
298,0.5343999999999995,1.0,false,2
299,0.5151999999999997,1.0,false,2
300,0.49559999999999954,1.0,true,0
301,0.5459999999999995,1.0,true,4
302,0.5987999999999997,1.0,true,9
303,0.6519999999999996,1.0,true,9
304,0.7051999999999995,1.0,true,9
305,0.7583999999999997,1.0,true,9
306,0.8067999999999996,1.0,true,16
307,0.8472,1.0,true,25
308,0.8799999999999997,1.0,true,25
309,0.9132000000000001,1.0,true,25
310,0.9463999999999997,1.0,true,25
311,0.9763999999999997,1.0,true,25
312,1.0,1.0,true,25
313,1.0,1.0,true,25
314,1.0,1.0,true,25
315,1.0,1.0,true,25
316,1.0,1.0,true,25
317,1.0,1.0,true,25
318,1.0,1.0,true,25
319,1.0,1.0,true,25
320,1.0,1.0,true,25
321,1.0,1.0,true,25
322,1.0,1.0,true,25
323,1.0,1.0,true,25
324,1.0,1.0,true,25
325,1.0,1.0,true,25
326,1.0,1.0,true,25
327,1.0,1.0,true,25
328,1.0,1.0,true,25
329,1.0,1.0,true,25
330,1.0,1.0,false,25
331,0.9847999999999999,1.0,false,25
332,0.9696000000000004,1.0,false,25
333,0.9540000000000001,1.0,false,25
334,0.9384000000000003,1.0,false,25
335,0.9227999999999996,1.0,false,25
336,0.9072,1.0,false,25
337,0.8911999999999998,1.0,false,25
338,0.8743999999999998,1.0,false,25
339,0.8576000000000001,1.0,false,25
340,0.8400000000000002,1.0,false,25
341,0.8231999999999999,1.0,false,25
342,0.8067999999999996,1.0,false,25
343,0.7903999999999998,1.0,false,25
344,0.7735999999999997,1.0,false,25
345,0.7575999999999997,1.0,false,14
346,0.7419999999999999,1.0,false,13
347,0.7259999999999998,1.0,false,13
348,0.7095999999999998,1.0,false,12
349,0.6931999999999995,1.0,false,9
350,0.6767999999999996,1.0,false,9
351,0.6595999999999997,1.0,false,8
352,0.6423999999999995,1.0,false,7
353,0.6247999999999996,1.0,false,7
354,0.6075999999999996,1.0,false,6
355,0.5899999999999997,1.0,false,6
356,0.5711999999999996,1.0,false,5
357,0.5523999999999996,1.0,false,3
358,0.5335999999999995,1.0,false,2
359,0.5143999999999996,1.0,false,2
360,0.49479999999999946,1.0,true,0
361,0.5451999999999996,1.0,true,3
362,0.5971999999999997,1.0,true,6
363,0.6495999999999995,1.0,true,7
364,0.7027999999999998,1.0,true,9
365,0.7571999999999999,1.0,true,14
366,0.8071999999999996,1.0,true,15
367,0.8508,1.0,true,25
368,0.8904,1.0,true,25
369,0.9271999999999998,1.0,true,25
370,0.9551999999999997,1.0,true,25
371,0.9788,1.0,true,25
372,1.0,1.0,true,25
373,1.0,1.0,true,25
374,1.0,1.0,true,25
375,1.0,1.0,true,25
376,1.0,1.0,true,25
377,1.0,1.0,true,25
378,1.0,1.0,true,25
379,1.0,1.0,true,25
380,1.0,1.0,true,25
381,1.0,1.0,true,25
382,1.0,1.0,true,25
383,1.0,1.0,true,25
384,1.0,1.0,true,25
385,1.0,1.0,true,25
386,1.0,1.0,true,25
387,1.0,1.0,true,25
388,1.0,1.0,true,25
389,1.0,1.0,true,25
390,1.0,1.0,false,25
391,0.9840000000000001,1.0,false,25
392,0.9684000000000004,1.0,false,25
393,0.9524000000000002,1.0,false,25
394,0.9360000000000004,1.0,false,25
395,0.9191999999999996,1.0,false,25
396,0.9027999999999998,1.0,false,25
397,0.8863999999999996,1.0,false,25
398,0.8704,1.0,false,25
399,0.8539999999999999,1.0,false,25
400,0.8376,1.0,false,25
401,0.8212,1.0,false,25
402,0.8035999999999999,1.0,false,25
403,0.7859999999999998,1.0,false,25
404,0.7679999999999996,1.0,false,25
405,0.7507999999999998,1.0,false,13
406,0.7339999999999998,1.0,false,12
407,0.7167999999999998,1.0,false,11
408,0.6995999999999997,1.0,false,11
409,0.6815999999999997,1.0,false,9
410,0.6631999999999997,1.0,false,8
411,0.6447999999999999,1.0,false,5
412,0.6263999999999996,1.0,false,5
413,0.6083999999999996,1.0,false,4
414,0.5895999999999997,1.0,false,4
415,0.5711999999999997,1.0,false,3
416,0.5523999999999996,1.0,false,3
417,0.5331999999999995,1.0,false,2
418,0.5135999999999996,1.0,false,0
419,0.49359999999999965,1.0,false,0
420,0.4735999999999996,1.0,true,0
421,0.5235999999999994,1.0,true,0
422,0.5743999999999998,1.0,true,4
423,0.6259999999999996,1.0,true,4
424,0.6783999999999996,1.0,true,9
425,0.7319999999999999,1.0,true,12
426,0.7855999999999996,1.0,true,13
427,0.8327999999999999,1.0,true,25
428,0.8775999999999999,1.0,true,25
429,0.9204000000000001,1.0,true,25
430,0.9523999999999997,1.0,true,25
431,0.9791999999999998,1.0,true,25
432,1.0,1.0,true,25
433,1.0,1.0,true,25
434,1.0,1.0,true,25
435,1.0,1.0,true,25
436,1.0,1.0,true,25
437,1.0,1.0,true,25
438,1.0,1.0,true,25
439,1.0,1.0,true,25
440,1.0,1.0,true,25
441,1.0,1.0,true,25
442,1.0,1.0,true,25
443,1.0,1.0,true,25
444,1.0,1.0,true,25
445,1.0,1.0,true,25
446,1.0,1.0,true,25
447,1.0,1.0,true,25
448,1.0,1.0,true,25
449,1.0,1.0,true,25
450,1.0,1.0,false,25
451,0.9848,1.0,false,25
452,0.9696000000000002,1.0,false,25
453,0.9540000000000002,1.0,false,25
454,0.9384000000000005,1.0,false,25
455,0.9231999999999997,1.0,false,25
456,0.9079999999999998,1.0,false,25
457,0.8923999999999996,1.0,false,25
458,0.8771999999999999,1.0,false,25
459,0.862,1.0,false,25
460,0.8468000000000001,1.0,false,25
461,0.8316000000000001,1.0,false,25
462,0.8159999999999996,1.0,false,25
463,0.8003999999999997,1.0,false,25
464,0.7847999999999995,1.0,false,25
465,0.7691999999999996,1.0,false,14
466,0.7535999999999997,1.0,false,14
467,0.738,1.0,false,12
468,0.7224,1.0,false,12
469,0.7067999999999998,1.0,false,12
470,0.6911999999999998,1.0,false,11
471,0.6755999999999998,1.0,false,11
472,0.6599999999999995,1.0,false,11
473,0.6443999999999995,1.0,false,11
474,0.6287999999999997,1.0,false,11
475,0.6131999999999997,1.0,false,11
476,0.5975999999999998,1.0,false,11
477,0.5819999999999995,1.0,false,9
478,0.5651999999999996,1.0,false,7
479,0.5475999999999996,1.0,false,6
480,0.5283999999999995,1.0,true,0
481,0.5803999999999995,1.0,true,10
482,0.6343999999999997,1.0,true,11
483,0.6883999999999995,1.0,true,11
484,0.7427999999999997,1.0,true,11
485,0.7971999999999997,1.0,true,12
486,0.8387999999999997,1.0,true,14
487,0.8667999999999998,1.0,true,25
488,0.8948,1.0,true,25
489,0.9228000000000002,1.0,true,25
490,0.9507999999999996,1.0,true,25
491,0.9767999999999998,1.0,true,25
492,1.0,1.0,true,25
493,1.0,1.0,true,25
494,1.0,1.0,true,25
495,1.0,1.0,true,25
496,1.0,1.0,true,25
497,1.0,1.0,true,25
498,1.0,1.0,true,25
499,1.0,1.0,true,25
500,1.0,1.0,true,25
501,1.0,1.0,true,25
502,1.0,1.0,true,25
503,1.0,1.0,true,25
504,1.0,1.0,true,25
505,1.0,1.0,true,25
506,1.0,1.0,true,25
507,1.0,1.0,true,25
508,1.0,1.0,true,25
509,1.0,1.0,true,25
510,1.0,1.0,false,25
511,0.9840000000000001,1.0,false,25
512,0.9684000000000004,1.0,false,25
513,0.9528000000000003,1.0,false,25
514,0.9372000000000003,1.0,false,25
515,0.9207999999999995,1.0,false,25
516,0.9051999999999997,1.0,false,25
517,0.8895999999999996,1.0,false,25
518,0.8739999999999998,1.0,false,25
519,0.8584000000000002,1.0,false,25
520,0.8432000000000001,1.0,false,25
521,0.8280000000000001,1.0,false,25
522,0.8123999999999998,1.0,false,25
523,0.7971999999999996,1.0,false,25
524,0.7819999999999996,1.0,false,25
525,0.7667999999999996,1.0,false,12
526,0.7515999999999997,1.0,false,12
527,0.7364,1.0,false,12
528,0.7212000000000001,1.0,false,12
529,0.7059999999999998,1.0,false,12
530,0.6907999999999997,1.0,false,11
531,0.6751999999999998,1.0,false,11
532,0.6595999999999995,1.0,false,11
533,0.6443999999999994,1.0,false,11
534,0.6291999999999998,1.0,false,11
535,0.6131999999999999,1.0,false,11
536,0.5975999999999998,1.0,false,11
537,0.5811999999999995,1.0,false,10
538,0.5643999999999996,1.0,false,7
539,0.5455999999999996,1.0,false,2
540,0.5259999999999995,1.0,true,0
541,0.5767999999999995,1.0,true,8
542,0.6299999999999997,1.0,true,11
543,0.6835999999999995,1.0,true,12
544,0.7375999999999995,1.0,true,12
545,0.7923999999999998,1.0,true,12
546,0.8387999999999997,1.0,true,13
547,0.8699999999999999,1.0,true,25
548,0.8968,1.0,true,25
549,0.9232000000000002,1.0,true,25
550,0.9495999999999997,1.0,true,25
551,0.9759999999999998,1.0,true,25
552,1.0,1.0,true,25
553,1.0,1.0,true,25
554,1.0,1.0,true,25
555,1.0,1.0,true,25
556,1.0,1.0,true,25
557,1.0,1.0,true,25
558,1.0,1.0,true,25
559,1.0,1.0,true,25
560,1.0,1.0,true,25
561,1.0,1.0,true,25
562,1.0,1.0,true,25
563,1.0,1.0,true,25
564,1.0,1.0,true,25
565,1.0,1.0,true,25
566,1.0,1.0,true,25
567,1.0,1.0,true,25
568,1.0,1.0,true,25
569,1.0,1.0,true,25
570,1.0,1.0,false,25
571,0.9840000000000001,1.0,false,25
572,0.9680000000000004,1.0,false,25
573,0.9520000000000002,1.0,false,25
574,0.9356000000000003,1.0,false,25
575,0.9187999999999995,1.0,false,25
576,0.9019999999999997,1.0,false,25
577,0.8851999999999997,1.0,false,25
578,0.8683999999999997,1.0,false,25
579,0.8516000000000001,1.0,false,25
580,0.8351999999999999,1.0,false,25
581,0.8188000000000001,1.0,false,25
582,0.8019999999999997,1.0,false,25
583,0.7851999999999998,1.0,false,25
584,0.7683999999999996,1.0,false,25
585,0.7519999999999998,1.0,false,10
586,0.7359999999999998,1.0,false,10
587,0.7195999999999998,1.0,false,10
588,0.7031999999999999,1.0,false,9
589,0.6867999999999997,1.0,false,9
590,0.6703999999999998,1.0,false,9
591,0.6539999999999996,1.0,false,9
592,0.6371999999999997,1.0,false,8
593,0.6199999999999996,1.0,false,7
594,0.6023999999999997,1.0,false,7
595,0.5843999999999997,1.0,false,7
596,0.5663999999999998,1.0,false,6
597,0.5483999999999996,1.0,false,5
598,0.5303999999999996,1.0,false,5
599,0.5123999999999995,1.0,false,5
600,0.4931999999999994,1.0,true,0
601,0.5439999999999995,1.0,true,5
602,0.5955999999999997,1.0,true,7
603,0.6479999999999996,1.0,true,8
604,0.7011999999999996,1.0,true,10
605,0.7543999999999998,1.0,true,10
606,0.7983999999999996,1.0,true,10
607,0.8391999999999998,1.0,true,25
608,0.8767999999999999,1.0,true,25
609,0.9100000000000003,1.0,true,25
610,0.9399999999999997,1.0,true,25
611,0.9699999999999998,1.0,true,25
612,1.0,1.0,true,25
613,1.0,1.0,true,25
614,1.0,1.0,true,25
615,1.0,1.0,true,25
616,1.0,1.0,true,25
617,1.0,1.0,true,25
618,1.0,1.0,true,25
619,1.0,1.0,true,25
620,1.0,1.0,true,25
621,1.0,1.0,true,25
622,1.0,1.0,true,25
623,1.0,1.0,true,25
624,1.0,1.0,true,25
625,1.0,1.0,true,25
626,1.0,1.0,true,25
627,1.0,1.0,true,25
628,1.0,1.0,true,25
629,1.0,1.0,true,25
630,1.0,1.0,false,25
631,0.9816000000000001,1.0,false,25
632,0.9640000000000003,1.0,false,25
633,0.9464,1.0,false,25
634,0.9292000000000001,1.0,false,25
635,0.9119999999999997,1.0,false,25
636,0.8951999999999998,1.0,false,25
637,0.8775999999999996,1.0,false,25
638,0.8603999999999996,1.0,false,25
639,0.8436000000000001,1.0,false,25
640,0.8268000000000001,1.0,false,25
641,0.81,1.0,false,25
642,0.7931999999999998,1.0,false,25
643,0.7771999999999999,1.0,false,25
644,0.7607999999999996,1.0,false,25
645,0.7443999999999998,1.0,false,12
646,0.7283999999999999,1.0,false,11
647,0.7116,1.0,false,9
648,0.6948000000000002,1.0,false,8
649,0.6779999999999997,1.0,false,7
650,0.6603999999999997,1.0,false,7
651,0.6423999999999999,1.0,false,7
652,0.6247999999999995,1.0,false,7
653,0.6071999999999995,1.0,false,4
654,0.5879999999999996,1.0,false,4
655,0.5687999999999998,1.0,false,2
656,0.5491999999999997,1.0,false,0
657,0.5291999999999994,1.0,false,0
658,0.5091999999999995,1.0,false,0
659,0.48919999999999975,1.0,false,0
660,0.4691999999999993,1.0,true,0
661,0.5191999999999994,1.0,true,0
662,0.5691999999999997,1.0,true,2
663,0.6195999999999995,1.0,true,7
664,0.6727999999999996,1.0,true,10
665,0.726,1.0,true,11
666,0.7795999999999996,1.0,true,12
667,0.8327999999999998,1.0,true,25
668,0.8804000000000001,1.0,true,25
669,0.9164000000000001,1.0,true,25
670,0.9443999999999997,1.0,true,25
671,0.9723999999999998,1.0,true,25
672,1.0,1.0,true,25
673,1.0,1.0,true,25
674,1.0,1.0,true,25
675,1.0,1.0,true,25
676,1.0,1.0,true,25
677,1.0,1.0,true,25
678,1.0,1.0,true,25
679,1.0,1.0,true,25
680,1.0,1.0,true,25
681,1.0,1.0,true,25
682,1.0,1.0,true,25
683,1.0,1.0,true,25
684,1.0,1.0,true,25
685,1.0,1.0,true,25
686,1.0,1.0,true,25
687,1.0,1.0,true,25
688,1.0,1.0,true,25
689,1.0,1.0,true,25
690,1.0,1.0,false,25
691,0.9832000000000001,1.0,false,25
692,0.9664000000000005,1.0,false,25
693,0.9492000000000002,1.0,false,25
694,0.9320000000000005,1.0,false,25
695,0.9147999999999996,1.0,false,25
696,0.8975999999999996,1.0,false,25
697,0.8803999999999996,1.0,false,25
698,0.8631999999999996,1.0,false,25
699,0.8460000000000001,1.0,false,25
700,0.8288000000000001,1.0,false,25
701,0.812,1.0,false,25
702,0.7947999999999997,1.0,false,25
703,0.7776,1.0,false,25
704,0.7603999999999993,1.0,false,25
705,0.7439999999999997,1.0,false,9
706,0.7271999999999998,1.0,false,8
707,0.7103999999999999,1.0,false,8
708,0.6932,1.0,false,7
709,0.6763999999999996,1.0,false,7
710,0.6595999999999996,1.0,false,7
711,0.6427999999999998,1.0,false,7
712,0.6259999999999994,1.0,false,7
713,0.6091999999999994,1.0,false,7
714,0.5919999999999996,1.0,false,7
715,0.5747999999999998,1.0,false,7
716,0.5575999999999997,1.0,false,7
717,0.5403999999999995,1.0,false,6
718,0.5223999999999996,1.0,false,6
719,0.5043999999999997,1.0,false,5
720,0.48559999999999953,1.0,true,0
721,0.5367999999999995,1.0,true,6
722,0.5895999999999998,1.0,true,7
723,0.6427999999999995,1.0,true,8
724,0.6951999999999995,1.0,true,8
725,0.7483999999999998,1.0,true,8
726,0.7923999999999997,1.0,true,11
727,0.8299999999999998,1.0,true,25
728,0.866,1.0,true,25
729,0.9000000000000001,1.0,true,25
730,0.9339999999999996,1.0,true,25
731,0.9683999999999997,1.0,true,25
732,1.0,1.0,true,25
733,1.0,1.0,true,25
734,1.0,1.0,true,25
735,1.0,1.0,true,25
736,1.0,1.0,true,25
737,1.0,1.0,true,25
738,1.0,1.0,true,25
739,1.0,1.0,true,25
740,1.0,1.0,true,25
741,1.0,1.0,true,25
742,1.0,1.0,true,25
743,1.0,1.0,true,25
744,1.0,1.0,true,25
745,1.0,1.0,true,25
746,1.0,1.0,true,25
747,1.0,1.0,true,25
748,1.0,1.0,true,25
749,1.0,1.0,true,25
750,1.0,1.0,false,25
751,0.9836,1.0,false,25
752,0.9672000000000004,1.0,false,25
753,0.95,1.0,false,25
754,0.9340000000000004,1.0,false,25
755,0.9179999999999997,1.0,false,25
756,0.9019999999999997,1.0,false,25
757,0.8855999999999997,1.0,false,25
758,0.8687999999999997,1.0,false,25
759,0.852,1.0,false,25
760,0.8351999999999998,1.0,false,25
761,0.8184,1.0,false,25
762,0.8011999999999999,1.0,false,25
763,0.7839999999999999,1.0,false,25
764,0.7671999999999994,1.0,false,25
765,0.7503999999999996,1.0,false,10
766,0.7335999999999997,1.0,false,10
767,0.7167999999999999,1.0,false,10
768,0.7,1.0,false,10
769,0.6827999999999996,1.0,false,8
770,0.6655999999999997,1.0,false,8
771,0.6487999999999998,1.0,false,7
772,0.6311999999999995,1.0,false,7
773,0.6143999999999994,1.0,false,7
774,0.5971999999999996,1.0,false,7
775,0.5795999999999998,1.0,false,7
776,0.5623999999999999,1.0,false,6
777,0.5439999999999995,1.0,false,5
778,0.5251999999999996,1.0,false,2
779,0.5055999999999997,1.0,false,1
780,0.4855999999999996,1.0,true,0
781,0.5359999999999994,1.0,true,3
782,0.5883999999999996,1.0,true,7
783,0.6407999999999996,1.0,true,7
784,0.6939999999999996,1.0,true,9
785,0.7479999999999998,1.0,true,11
786,0.7987999999999996,1.0,true,11
787,0.8391999999999998,1.0,true,25
788,0.8763999999999998,1.0,true,25
789,0.9132000000000002,1.0,true,25
790,0.9439999999999997,1.0,true,25
791,0.9719999999999998,1.0,true,25
792,1.0,1.0,true,25
793,1.0,1.0,true,25
794,1.0,1.0,true,25
795,1.0,1.0,true,25
796,1.0,1.0,true,25
797,1.0,1.0,true,25
798,1.0,1.0,true,25
799,1.0,1.0,true,25
800,1.0,1.0,true,25
801,1.0,1.0,true,25
802,1.0,1.0,true,25
803,1.0,1.0,true,25
804,1.0,1.0,true,25
805,1.0,1.0,true,25
806,1.0,1.0,true,25
807,1.0,1.0,true,25
808,1.0,1.0,true,25
809,1.0,1.0,true,25
810,1.0,1.0,false,25
811,0.9836,1.0,false,25
812,0.9672000000000004,1.0,false,25
813,0.9508000000000001,1.0,false,25
814,0.9344000000000002,1.0,false,25
815,0.9179999999999996,1.0,false,25
816,0.9007999999999997,1.0,false,25
817,0.8831999999999998,1.0,false,25
818,0.8655999999999999,1.0,false,25
819,0.8484,1.0,false,25
820,0.8312000000000002,1.0,false,25
821,0.8152000000000001,1.0,false,25
822,0.7991999999999996,1.0,false,25
823,0.7823999999999997,1.0,false,25
824,0.7667999999999995,1.0,false,25
825,0.7519999999999996,1.0,false,14
826,0.7367999999999998,1.0,false,12
827,0.7203999999999999,1.0,false,11
828,0.7036,1.0,false,11
829,0.6868,1.0,false,10
830,0.6699999999999996,1.0,false,9
831,0.6531999999999997,1.0,false,9
832,0.6359999999999997,1.0,false,6
833,0.6187999999999995,1.0,false,6
834,0.6007999999999997,1.0,false,5
835,0.5831999999999998,1.0,false,5
836,0.5643999999999998,1.0,false,5
837,0.5463999999999993,1.0,false,4
838,0.5275999999999995,1.0,false,3
839,0.5079999999999997,1.0,false,0
840,0.48799999999999955,1.0,true,0
841,0.5383999999999994,1.0,true,3
842,0.5895999999999997,1.0,true,5
843,0.6423999999999995,1.0,true,8
844,0.6951999999999997,1.0,true,9
845,0.7479999999999998,1.0,true,11
846,0.7991999999999997,1.0,true,14
847,0.8419999999999999,1.0,true,25
848,0.8824,1.0,true,25
849,0.9152000000000001,1.0,true,25
850,0.9471999999999997,1.0,true,25
851,0.9751999999999998,1.0,true,25
852,1.0,1.0,true,25
853,1.0,1.0,true,25
854,1.0,1.0,true,25
855,1.0,1.0,true,25
856,1.0,1.0,true,25
857,1.0,1.0,true,25
858,1.0,1.0,true,25
859,1.0,1.0,true,25
860,1.0,1.0,true,25
861,1.0,1.0,true,25
862,1.0,1.0,true,25
863,1.0,1.0,true,25
864,1.0,1.0,true,25
865,1.0,1.0,true,25
866,1.0,1.0,true,25
867,1.0,1.0,true,25
868,1.0,1.0,true,25
869,1.0,1.0,true,25
870,1.0,1.0,false,25
871,0.9816000000000003,1.0,false,25
872,0.9624000000000005,1.0,false,25
873,0.9432000000000003,1.0,false,25
874,0.9240000000000004,1.0,false,25
875,0.9047999999999996,1.0,false,25
876,0.8855999999999996,1.0,false,25
877,0.8663999999999996,1.0,false,25
878,0.8471999999999998,1.0,false,25
879,0.8280000000000001,1.0,false,25
880,0.8088000000000001,1.0,false,25
881,0.7904000000000001,1.0,false,25
882,0.7723999999999995,1.0,false,25
883,0.7539999999999998,1.0,false,25
884,0.7355999999999994,1.0,false,25
885,0.7179999999999995,1.0,false,7
886,0.6995999999999998,1.0,false,5
887,0.6811999999999999,1.0,false,4
888,0.6628000000000002,1.0,false,4
889,0.6439999999999997,1.0,false,2
890,0.6247999999999998,1.0,false,2
891,0.6055999999999999,1.0,false,2
892,0.5863999999999995,1.0,false,2
893,0.5671999999999994,1.0,false,2
894,0.5479999999999996,1.0,false,2
895,0.5287999999999999,1.0,false,2
896,0.5095999999999998,1.0,false,2
897,0.49039999999999945,1.0,false,2
898,0.47119999999999956,1.0,false,2
899,0.4519999999999997,1.0,false,2
900,0.43239999999999923,1.0,true,0
901,0.4827999999999994,1.0,true,2
902,0.5335999999999997,1.0,true,2
903,0.5843999999999994,1.0,true,2
904,0.6351999999999997,1.0,true,2
905,0.6863999999999999,1.0,true,4
906,0.7335999999999996,1.0,true,8
907,0.7803999999999999,1.0,true,25
908,0.8271999999999997,1.0,true,25
909,0.8744,1.0,true,25
910,0.9203999999999997,1.0,true,25
911,0.9627999999999995,1.0,true,25
912,1.0,1.0,true,25
913,1.0,1.0,true,25
914,1.0,1.0,true,25
915,1.0,1.0,true,25
916,1.0,1.0,true,25
917,1.0,1.0,true,25
918,1.0,1.0,true,25
919,1.0,1.0,true,25
920,1.0,1.0,true,25
921,1.0,1.0,true,25
922,1.0,1.0,true,25
923,1.0,1.0,true,25
924,1.0,1.0,true,25
925,1.0,1.0,true,25
926,1.0,1.0,true,25
927,1.0,1.0,true,25
928,1.0,1.0,true,25
929,1.0,1.0,true,25
930,1.0,1.0,false,25
931,0.9808000000000002,1.0,false,25
932,0.9616000000000006,1.0,false,25
933,0.9416000000000002,1.0,false,25
934,0.9216000000000002,1.0,false,25
935,0.9015999999999997,1.0,false,25
936,0.8819999999999998,1.0,false,25
937,0.8631999999999996,1.0,false,25
938,0.8443999999999998,1.0,false,25
939,0.8256,1.0,false,25
940,0.8064,1.0,false,25
941,0.7875999999999997,1.0,false,25
942,0.7691999999999998,1.0,false,25
943,0.7507999999999998,1.0,false,25
944,0.7323999999999995,1.0,false,25
945,0.7147999999999998,1.0,false,7
946,0.6967999999999996,1.0,false,4
947,0.6783999999999998,1.0,false,4
948,0.6603999999999998,1.0,false,4
949,0.6415999999999995,1.0,false,3
950,0.6227999999999997,1.0,false,2
951,0.6035999999999998,1.0,false,2
952,0.5843999999999995,1.0,false,2
953,0.5651999999999995,1.0,false,2
954,0.5459999999999997,1.0,false,2
955,0.5267999999999996,1.0,false,2
956,0.5071999999999997,1.0,false,0
957,0.4871999999999993,1.0,false,0
958,0.46719999999999956,1.0,false,0
959,0.44719999999999954,1.0,false,0
960,0.42719999999999936,1.0,true,0
961,0.4771999999999994,1.0,true,0
962,0.5275999999999995,1.0,true,2
963,0.5783999999999995,1.0,true,2
964,0.6291999999999996,1.0,true,2
965,0.6807999999999997,1.0,true,4
966,0.7327999999999996,1.0,true,8
967,0.7835999999999999,1.0,true,25
968,0.8319999999999999,1.0,true,25
969,0.8804000000000001,1.0,true,25
970,0.9263999999999997,1.0,true,25
971,0.9655999999999998,1.0,true,25
972,1.0,1.0,true,25
973,1.0,1.0,true,25
974,1.0,1.0,true,25
975,1.0,1.0,true,25
976,1.0,1.0,true,25
977,1.0,1.0,true,25
978,1.0,1.0,true,25
979,1.0,1.0,true,25
980,1.0,1.0,true,25
981,1.0,1.0,true,25
982,1.0,1.0,true,25
983,1.0,1.0,true,25
984,1.0,1.0,true,25
985,1.0,1.0,true,25
986,1.0,1.0,true,25
987,1.0,1.0,true,25
988,1.0,1.0,true,25
989,1.0,1.0,true,25
990,1.0,1.0,false,25
991,0.9816000000000001,1.0,false,25
992,0.9624000000000004,1.0,false,25
993,0.9431999999999998,1.0,false,25
994,0.9252000000000001,1.0,false,25
995,0.9075999999999997,1.0,false,25
996,0.8895999999999998,1.0,false,25
997,0.8711999999999996,1.0,false,25
998,0.8519999999999999,1.0,false,25
999,0.8328000000000002,1.0,false,25
1000,0.8136000000000001,1.0,false,25
1001,0.7947999999999997,1.0,false,25
1002,0.7763999999999998,1.0,false,25
1003,0.7591999999999998,1.0,false,25
1004,0.7423999999999996,1.0,false,25
1005,0.7247999999999998,1.0,false,12
1006,0.7075999999999998,1.0,false,11
1007,0.6899999999999997,1.0,false,7
1008,0.6716,1.0,false,3
1009,0.6527999999999996,1.0,false,3
1010,0.6331999999999997,1.0,false,2
1011,0.6139999999999997,1.0,false,2
1012,0.5947999999999994,1.0,false,2
1013,0.5755999999999996,1.0,false,2
1014,0.5563999999999996,1.0,false,2
1015,0.5371999999999996,1.0,false,2
1016,0.5179999999999996,1.0,false,1
1017,0.49799999999999955,1.0,false,0
1018,0.47799999999999954,1.0,false,0
1019,0.45799999999999963,1.0,false,0
1020,0.4379999999999994,1.0,true,0
1021,0.4879999999999995,1.0,true,0
1022,0.5383999999999994,1.0,true,2
1023,0.5891999999999995,1.0,true,2
1024,0.6399999999999996,1.0,true,2
1025,0.6911999999999998,1.0,true,4
1026,0.7439999999999997,1.0,true,12
1027,0.7955999999999998,1.0,true,25
1028,0.8447999999999999,1.0,true,25
1029,0.894,1.0,true,25
1030,0.9399999999999997,1.0,true,25
1031,0.9719999999999998,1.0,true,25
1032,1.0,1.0,true,25
1033,1.0,1.0,true,25
1034,1.0,1.0,true,25
1035,1.0,1.0,true,25
1036,1.0,1.0,true,25
1037,1.0,1.0,true,25
1038,1.0,1.0,true,25
1039,1.0,1.0,true,25
1040,1.0,1.0,true,25
1041,1.0,1.0,true,25
1042,1.0,1.0,true,25
1043,1.0,1.0,true,25
1044,1.0,1.0,true,25
1045,1.0,1.0,true,25
1046,1.0,1.0,true,25
1047,1.0,1.0,true,25
1048,1.0,1.0,true,25
1049,1.0,1.0,true,25
1050,1.0,1.0,false,25
1051,0.9812000000000002,1.0,false,25
1052,0.9620000000000004,1.0,false,25
1053,0.9427999999999999,1.0,false,25
1054,0.9236000000000004,1.0,false,25
1055,0.9043999999999999,1.0,false,25
1056,0.8851999999999995,1.0,false,25
1057,0.8667999999999995,1.0,false,25
1058,0.8475999999999999,1.0,false,25
1059,0.8292000000000002,1.0,false,25
1060,0.8111999999999999,1.0,false,25
1061,0.7923999999999998,1.0,false,25
1062,0.7735999999999996,1.0,false,25
1063,0.7555999999999997,1.0,false,25
1064,0.7371999999999994,1.0,false,25
1065,0.7191999999999996,1.0,false,6
1066,0.7011999999999997,1.0,false,5
1067,0.6831999999999999,1.0,false,5
1068,0.6652,1.0,false,5
1069,0.6471999999999996,1.0,false,5
1070,0.6291999999999998,1.0,false,5
1071,0.6111999999999999,1.0,false,4
1072,0.5931999999999996,1.0,false,4
1073,0.5743999999999995,1.0,false,2
1074,0.5551999999999997,1.0,false,2
1075,0.5359999999999998,1.0,false,2
1076,0.5167999999999995,1.0,false,2
1077,0.49719999999999936,1.0,false,0
1078,0.47719999999999957,1.0,false,0
1079,0.4571999999999997,1.0,false,0
1080,0.4371999999999994,1.0,true,0
1081,0.4871999999999994,1.0,true,0
1082,0.5375999999999997,1.0,true,2
1083,0.5883999999999995,1.0,true,2
1084,0.6399999999999996,1.0,true,5
1085,0.6919999999999998,1.0,true,5
1086,0.7439999999999994,1.0,true,6
1087,0.7923999999999998,1.0,true,25
1088,0.8399999999999999,1.0,true,25
1089,0.8808000000000001,1.0,true,25
1090,0.9215999999999996,1.0,true,25
1091,0.9623999999999997,1.0,true,25
1092,1.0,1.0,true,25
1093,1.0,1.0,true,25
1094,1.0,1.0,true,25
1095,1.0,1.0,true,25
1096,1.0,1.0,true,25
1097,1.0,1.0,true,25
1098,1.0,1.0,true,25
1099,1.0,1.0,true,25
1100,1.0,1.0,true,25
1101,1.0,1.0,true,25
1102,1.0,1.0,true,25
1103,1.0,1.0,true,25
1104,1.0,1.0,true,25
1105,1.0,1.0,true,25
1106,1.0,1.0,true,25
1107,1.0,1.0,true,25
1108,1.0,1.0,true,25
1109,1.0,1.0,true,25
1110,1.0,1.0,false,25
1111,0.9816000000000001,1.0,false,25
1112,0.9632000000000005,1.0,false,25
1113,0.9451999999999999,1.0,false,25
1114,0.9272000000000002,1.0,false,25
1115,0.9095999999999997,1.0,false,25
1116,0.8919999999999999,1.0,false,25
1117,0.8739999999999997,1.0,false,25
1118,0.8567999999999998,1.0,false,25
1119,0.8396000000000001,1.0,false,25
1120,0.8223999999999999,1.0,false,25
1121,0.8051999999999999,1.0,false,25
1122,0.7879999999999997,1.0,false,25
1123,0.7707999999999998,1.0,false,25
1124,0.7535999999999994,1.0,false,25
1125,0.7363999999999997,1.0,false,7
1126,0.7191999999999997,1.0,false,7
1127,0.7019999999999998,1.0,false,7
1128,0.6844000000000001,1.0,false,7
1129,0.6667999999999995,1.0,false,7
1130,0.6491999999999996,1.0,false,6
1131,0.6315999999999997,1.0,false,6
1132,0.6139999999999995,1.0,false,6
1133,0.5963999999999995,1.0,false,6
1134,0.5787999999999996,1.0,false,6
1135,0.5611999999999998,1.0,false,5
1136,0.5435999999999996,1.0,false,5
1137,0.5255999999999994,1.0,false,5
1138,0.5067999999999997,1.0,false,3
1139,0.48759999999999964,1.0,false,2
1140,0.46799999999999947,1.0,true,0
1141,0.5183999999999994,1.0,true,4
1142,0.5703999999999997,1.0,true,6
1143,0.6223999999999994,1.0,true,6
1144,0.6743999999999997,1.0,true,6
1145,0.7263999999999997,1.0,true,7
1146,0.7739999999999996,1.0,true,7
1147,0.814,1.0,true,25
1148,0.8523999999999998,1.0,true,25
1149,0.8912,1.0,true,25
1150,0.9287999999999996,1.0,true,25
1151,0.9651999999999997,1.0,true,25
1152,1.0,1.0,true,25
1153,1.0,1.0,true,25
1154,1.0,1.0,true,25
1155,1.0,1.0,true,25
1156,1.0,1.0,true,25
1157,1.0,1.0,true,25
1158,1.0,1.0,true,25
1159,1.0,1.0,true,25
1160,1.0,1.0,true,25
1161,1.0,1.0,true,25
1162,1.0,1.0,true,25
1163,1.0,1.0,true,25
1164,1.0,1.0,true,25
1165,1.0,1.0,true,25
1166,1.0,1.0,true,25
1167,1.0,1.0,true,25
1168,1.0,1.0,true,25
1169,1.0,1.0,true,25
1170,1.0,1.0,false,25
1171,0.9824,1.0,false,25
1172,0.9648000000000004,1.0,false,25
1173,0.9472,1.0,false,25
1174,0.9296000000000003,1.0,false,25
1175,0.9119999999999997,1.0,false,25
1176,0.8943999999999999,1.0,false,25
1177,0.8771999999999995,1.0,false,25
1178,0.8599999999999998,1.0,false,25
1179,0.8428000000000001,1.0,false,25
1180,0.8255999999999999,1.0,false,25
1181,0.8084,1.0,false,25
1182,0.7911999999999996,1.0,false,25
1183,0.7739999999999998,1.0,false,25
1184,0.7563999999999994,1.0,false,25
1185,0.7387999999999997,1.0,false,7
1186,0.7215999999999998,1.0,false,7
1187,0.704,1.0,false,7
1188,0.6864,1.0,false,7
1189,0.6687999999999996,1.0,false,6
1190,0.6507999999999996,1.0,false,6
1191,0.6331999999999998,1.0,false,6
1192,0.6155999999999995,1.0,false,6
1193,0.5971999999999995,1.0,false,6
1194,0.5791999999999996,1.0,false,6
1195,0.5607999999999999,1.0,false,6
1196,0.5423999999999995,1.0,false,4
1197,0.5239999999999996,1.0,false,4
1198,0.5055999999999996,1.0,false,4
1199,0.4871999999999996,1.0,false,4
1200,0.4679999999999993,1.0,true,0
1201,0.5187999999999995,1.0,true,4
1202,0.5707999999999998,1.0,true,6
1203,0.6223999999999994,1.0,true,6
1204,0.6735999999999998,1.0,true,6
1205,0.7243999999999998,1.0,true,7
1206,0.7695999999999996,1.0,true,8
1207,0.8123999999999999,1.0,true,25
1208,0.8532,1.0,true,25
1209,0.8912,1.0,true,25
1210,0.9291999999999997,1.0,true,25
1211,0.9655999999999998,1.0,true,25
1212,1.0,1.0,true,25
1213,1.0,1.0,true,25
1214,1.0,1.0,true,25
1215,1.0,1.0,true,25
1216,1.0,1.0,true,25
1217,1.0,1.0,true,25
1218,1.0,1.0,true,25
1219,1.0,1.0,true,25
1220,1.0,1.0,true,25
1221,1.0,1.0,true,25
1222,1.0,1.0,true,25
1223,1.0,1.0,true,25
1224,1.0,1.0,true,25
1225,1.0,1.0,true,25
1226,1.0,1.0,true,25
1227,1.0,1.0,true,25
1228,1.0,1.0,true,25
1229,1.0,1.0,true,25
1230,1.0,1.0,false,25
1231,0.9808000000000001,1.0,false,25
1232,0.9616000000000006,1.0,false,25
1233,0.9423999999999999,1.0,false,25
1234,0.9232000000000002,1.0,false,25
1235,0.9039999999999998,1.0,false,25
1236,0.8847999999999996,1.0,false,25
1237,0.8655999999999996,1.0,false,25
1238,0.8463999999999998,1.0,false,25
1239,0.8272000000000002,1.0,false,25
1240,0.8080000000000002,1.0,false,25
1241,0.7887999999999998,1.0,false,25
1242,0.7695999999999996,1.0,false,25
1243,0.7504,1.0,false,25
1244,0.7311999999999993,1.0,false,25
1245,0.7119999999999996,1.0,false,2
1246,0.6927999999999997,1.0,false,2
1247,0.6735999999999999,1.0,false,2
1248,0.6544000000000001,1.0,false,2
1249,0.6351999999999994,1.0,false,2
1250,0.6159999999999997,1.0,false,2
1251,0.5967999999999999,1.0,false,2
1252,0.5775999999999994,1.0,false,2
1253,0.5583999999999993,1.0,false,2
1254,0.5391999999999996,1.0,false,2
1255,0.5199999999999999,1.0,false,2
1256,0.5007999999999998,1.0,false,2
1257,0.4815999999999993,1.0,false,2
1258,0.46239999999999953,1.0,false,2
1259,0.44319999999999965,1.0,false,2
1260,0.42359999999999937,1.0,true,0
1261,0.4739999999999994,1.0,true,2
1262,0.5247999999999996,1.0,true,2
1263,0.5755999999999993,1.0,true,2
1264,0.6263999999999996,1.0,true,2
1265,0.6771999999999998,1.0,true,2
1266,0.7239999999999995,1.0,true,2
1267,0.7704,1.0,true,25
1268,0.8167999999999996,1.0,true,25
1269,0.8632000000000001,1.0,true,25
1270,0.9095999999999996,1.0,true,25
1271,0.9555999999999998,1.0,true,25
1272,0.9999999999999999,1.0,true,25
1273,1.0,1.0,true,25
1274,1.0,1.0,true,25
1275,1.0,1.0,true,25
1276,1.0,1.0,true,25
1277,1.0,1.0,true,25
1278,1.0,1.0,true,25
1279,1.0,1.0,true,25
1280,1.0,1.0,true,25
1281,1.0,1.0,true,25
1282,1.0,1.0,true,25
1283,1.0,1.0,true,25
1284,1.0,1.0,true,25
1285,1.0,1.0,true,25
1286,1.0,1.0,true,25
1287,1.0,1.0,true,25
1288,1.0,1.0,true,25
1289,1.0,1.0,true,25
1290,1.0,1.0,false,25
1291,0.9816000000000001,1.0,false,25
1292,0.9632000000000005,1.0,false,25
1293,0.9447999999999999,1.0,false,25
1294,0.9264000000000004,1.0,false,25
1295,0.9079999999999998,1.0,false,25
1296,0.8891999999999998,1.0,false,25
1297,0.8699999999999996,1.0,false,25
1298,0.8515999999999997,1.0,false,25
1299,0.8332000000000002,1.0,false,25
1300,0.814,1.0,false,25
1301,0.7955999999999998,1.0,false,25
1302,0.7763999999999998,1.0,false,25
1303,0.7571999999999999,1.0,false,25
1304,0.7379999999999995,1.0,false,25
1305,0.7187999999999996,1.0,false,4
1306,0.6995999999999997,1.0,false,4
1307,0.6803999999999999,1.0,false,4
1308,0.6612,1.0,false,4
1309,0.6419999999999995,1.0,false,3
1310,0.6227999999999996,1.0,false,2
1311,0.6035999999999998,1.0,false,2
1312,0.5843999999999996,1.0,false,2
1313,0.5651999999999994,1.0,false,2
1314,0.5459999999999996,1.0,false,2
1315,0.5267999999999998,1.0,false,2
1316,0.5075999999999997,1.0,false,2
1317,0.4883999999999994,1.0,false,2
1318,0.4691999999999996,1.0,false,2
1319,0.4499999999999996,1.0,false,2
1320,0.43039999999999945,1.0,true,0
1321,0.4807999999999994,1.0,true,2
1322,0.5315999999999996,1.0,true,2
1323,0.5823999999999995,1.0,true,2
1324,0.6331999999999995,1.0,true,2
1325,0.6839999999999997,1.0,true,4
1326,0.7311999999999995,1.0,true,5
1327,0.7772,1.0,true,25
1328,0.8231999999999998,1.0,true,25
1329,0.8696,1.0,true,25
1330,0.9159999999999998,1.0,true,25
1331,0.9595999999999997,1.0,true,25
1332,1.0,1.0,true,25
1333,1.0,1.0,true,25
1334,1.0,1.0,true,25
1335,1.0,1.0,true,25
1336,1.0,1.0,true,25
1337,1.0,1.0,true,25
1338,1.0,1.0,true,25
1339,1.0,1.0,true,25
1340,1.0,1.0,true,25
1341,1.0,1.0,true,25
1342,1.0,1.0,true,25
1343,1.0,1.0,true,25
1344,1.0,1.0,true,25
1345,1.0,1.0,true,25
1346,1.0,1.0,true,25
1347,1.0,1.0,true,25
1348,1.0,1.0,true,25
1349,1.0,1.0,true,25
1350,1.0,1.0,false,25
1351,0.9812000000000002,1.0,false,25
1352,0.9620000000000004,1.0,false,25
1353,0.9427999999999999,1.0,false,25
1354,0.9236000000000004,1.0,false,25
1355,0.9047999999999997,1.0,false,25
1356,0.8859999999999997,1.0,false,25
1357,0.8667999999999997,1.0,false,25
1358,0.8483999999999997,1.0,false,25
1359,0.8300000000000002,1.0,false,25
1360,0.8116,1.0,false,25
1361,0.7927999999999998,1.0,false,25
1362,0.7739999999999996,1.0,false,25
1363,0.7559999999999998,1.0,false,25
1364,0.7375999999999996,1.0,false,25
1365,0.7191999999999997,1.0,false,5
1366,0.7011999999999997,1.0,false,5
1367,0.6827999999999999,1.0,false,5
1368,0.6648000000000001,1.0,false,4
1369,0.6467999999999995,1.0,false,4
1370,0.6279999999999997,1.0,false,3
1371,0.6091999999999999,1.0,false,3
1372,0.5899999999999994,1.0,false,2
1373,0.5707999999999994,1.0,false,2
1374,0.5515999999999996,1.0,false,2
1375,0.5323999999999998,1.0,false,2
1376,0.5131999999999998,1.0,false,2
1377,0.49399999999999944,1.0,false,2
1378,0.4747999999999996,1.0,false,2
1379,0.4555999999999996,1.0,false,2
1380,0.43599999999999944,1.0,true,0
1381,0.48639999999999944,1.0,true,2
1382,0.5371999999999997,1.0,true,2
1383,0.5879999999999993,1.0,true,2
1384,0.6387999999999996,1.0,true,4
1385,0.6895999999999998,1.0,true,5
1386,0.7363999999999996,1.0,true,5
1387,0.7824,1.0,true,25
1388,0.8283999999999998,1.0,true,25
1389,0.8748000000000001,1.0,true,25
1390,0.9191999999999997,1.0,true,25
1391,0.9599999999999997,1.0,true,25
1392,1.0,1.0,true,25
1393,1.0,1.0,true,25
1394,1.0,1.0,true,25
1395,1.0,1.0,true,25
1396,1.0,1.0,true,25
1397,1.0,1.0,true,25
1398,1.0,1.0,true,25
1399,1.0,1.0,true,25
1400,1.0,1.0,true,25
1401,1.0,1.0,true,25
1402,1.0,1.0,true,25
1403,1.0,1.0,true,25
1404,1.0,1.0,true,25
1405,1.0,1.0,true,25
1406,1.0,1.0,true,25
1407,1.0,1.0,true,25
1408,1.0,1.0,true,25
1409,1.0,1.0,true,25
1410,1.0,1.0,false,25
1411,0.9824,1.0,false,25
1412,0.9648000000000004,1.0,false,25
1413,0.9472,1.0,false,25
1414,0.9296000000000003,1.0,false,25
1415,0.9119999999999997,1.0,false,25
1416,0.8943999999999996,1.0,false,25
1417,0.8767999999999997,1.0,false,25
1418,0.8591999999999999,1.0,false,25
1419,0.8416000000000001,1.0,false,25
1420,0.8240000000000001,1.0,false,25
1421,0.8064,1.0,false,25
1422,0.7887999999999995,1.0,false,25
1423,0.7711999999999998,1.0,false,25
1424,0.7535999999999994,1.0,false,25
1425,0.7359999999999995,1.0,false,6
1426,0.7183999999999997,1.0,false,6
1427,0.7008,1.0,false,6
1428,0.6836,1.0,false,6
1429,0.6659999999999997,1.0,false,6
1430,0.6483999999999996,1.0,false,6
1431,0.6307999999999998,1.0,false,6
1432,0.6131999999999994,1.0,false,6
1433,0.5955999999999995,1.0,false,6
1434,0.5779999999999996,1.0,false,6
1435,0.5595999999999999,1.0,false,6
1436,0.5411999999999996,1.0,false,6
1437,0.5227999999999995,1.0,false,4
1438,0.5043999999999995,1.0,false,4
1439,0.4859999999999997,1.0,false,4
1440,0.4667999999999995,1.0,true,0
1441,0.5175999999999994,1.0,true,4
1442,0.5691999999999997,1.0,true,6
1443,0.6207999999999995,1.0,true,6
1444,0.6719999999999997,1.0,true,6
1445,0.7231999999999998,1.0,true,6
1446,0.7699999999999996,1.0,true,7
1447,0.8123999999999999,1.0,true,25
1448,0.8507999999999999,1.0,true,25
1449,0.8892,1.0,true,25
1450,0.9271999999999997,1.0,true,25
1451,0.9639999999999997,1.0,true,25
1452,1.0,1.0,true,25
1453,1.0,1.0,true,25
1454,1.0,1.0,true,25
1455,1.0,1.0,true,25
1456,1.0,1.0,true,25
1457,1.0,1.0,true,25
1458,1.0,1.0,true,25
1459,1.0,1.0,true,25
1460,1.0,1.0,true,25
1461,1.0,1.0,true,25
1462,1.0,1.0,true,25
1463,1.0,1.0,true,25
1464,1.0,1.0,true,25
1465,1.0,1.0,true,25
1466,1.0,1.0,true,25
1467,1.0,1.0,true,25
1468,1.0,1.0,true,25
1469,1.0,1.0,true,25
1470,1.0,1.0,false,25
1471,0.9808000000000002,1.0,false,25
1472,0.9616000000000006,1.0,false,25
1473,0.9424000000000002,1.0,false,25
1474,0.9232000000000005,1.0,false,25
1475,0.9035999999999997,1.0,false,25
1476,0.8839999999999993,1.0,false,25
1477,0.8643999999999995,1.0,false,25
1478,0.8456,1.0,false,25
1479,0.8264,1.0,false,25
1480,0.8079999999999999,1.0,false,25
1481,0.7891999999999997,1.0,false,25
1482,0.7707999999999997,1.0,false,25
1483,0.7519999999999998,1.0,false,25
1484,0.7323999999999995,1.0,false,25
1485,0.7139999999999995,1.0,false,7
1486,0.6947999999999998,1.0,false,5
1487,0.6751999999999999,1.0,false,5
1488,0.6563999999999999,1.0,false,3
1489,0.6375999999999995,1.0,false,2
1490,0.6175999999999997,1.0,false,1
1491,0.5975999999999998,1.0,false,0
1492,0.5775999999999994,1.0,false,0
1493,0.5575999999999994,1.0,false,0
1494,0.5375999999999996,1.0,false,0
1495,0.5175999999999997,1.0,false,0
1496,0.49759999999999954,1.0,false,0
1497,0.47759999999999936,1.0,false,0
1498,0.45759999999999956,1.0,false,0
1499,0.4375999999999996,1.0,false,0
1500,0.41759999999999936,1.0,true,0
1501,0.4675999999999994,1.0,true,0
1502,0.5175999999999996,1.0,true,0
1503,0.5675999999999993,1.0,true,0
1504,0.6175999999999997,1.0,true,1
1505,0.6683999999999998,1.0,true,4
1506,0.7191999999999996,1.0,true,7
1507,0.7699999999999999,1.0,true,25
1508,0.8207999999999999,1.0,true,25
1509,0.8715999999999999,1.0,true,25
1510,0.9183999999999998,1.0,true,25
1511,0.9623999999999998,1.0,true,25
1512,0.9999999999999999,1.0,true,25
1513,1.0,1.0,true,25
1514,1.0,1.0,true,25
1515,1.0,1.0,true,25
1516,1.0,1.0,true,25
1517,1.0,1.0,true,25
1518,1.0,1.0,true,25
1519,1.0,1.0,true,25
1520,1.0,1.0,true,25
1521,1.0,1.0,true,25
1522,1.0,1.0,true,25
1523,1.0,1.0,true,25
1524,1.0,1.0,true,25
1525,1.0,1.0,true,25
1526,1.0,1.0,true,25
1527,1.0,1.0,true,25
1528,1.0,1.0,true,25
1529,1.0,1.0,true,25
1530,1.0,1.0,false,25
1531,0.9808000000000002,1.0,false,25
1532,0.9616000000000006,1.0,false,25
1533,0.9424000000000002,1.0,false,25
1534,0.9236000000000004,1.0,false,25
1535,0.9043999999999996,1.0,false,25
1536,0.8851999999999995,1.0,false,25
1537,0.8659999999999995,1.0,false,25
1538,0.8467999999999998,1.0,false,25
1539,0.8276000000000002,1.0,false,25
1540,0.8088000000000002,1.0,false,25
1541,0.7899999999999998,1.0,false,25
1542,0.7711999999999994,1.0,false,25
1543,0.7523999999999998,1.0,false,25
1544,0.7335999999999993,1.0,false,25
1545,0.7147999999999994,1.0,false,3
1546,0.6959999999999996,1.0,false,3
1547,0.6772,1.0,false,3
1548,0.6584,1.0,false,3
1549,0.6391999999999994,1.0,false,3
1550,0.6203999999999996,1.0,false,3
1551,0.6012,1.0,false,2
1552,0.5823999999999993,1.0,false,2
1553,0.5631999999999994,1.0,false,2
1554,0.5443999999999996,1.0,false,2
1555,0.5251999999999998,1.0,false,2
1556,0.5055999999999998,1.0,false,2
1557,0.4859999999999993,1.0,false,2
1558,0.4659999999999995,1.0,false,0
1559,0.44599999999999973,1.0,false,0
1560,0.4259999999999992,1.0,true,0
1561,0.47599999999999937,1.0,true,0
1562,0.5267999999999996,1.0,true,2
1563,0.5779999999999994,1.0,true,3
1564,0.6291999999999995,1.0,true,3
1565,0.6803999999999999,1.0,true,3
1566,0.7315999999999996,1.0,true,3
1567,0.7787999999999998,1.0,true,25
1568,0.8251999999999997,1.0,true,25
1569,0.8700000000000001,1.0,true,25
1570,0.9147999999999997,1.0,true,25
1571,0.9595999999999997,1.0,true,25
1572,1.0,1.0,true,25
1573,1.0,1.0,true,25
1574,1.0,1.0,true,25
1575,1.0,1.0,true,25
1576,1.0,1.0,true,25
1577,1.0,1.0,true,25
1578,1.0,1.0,true,25
1579,1.0,1.0,true,25
1580,1.0,1.0,true,25
1581,1.0,1.0,true,25
1582,1.0,1.0,true,25
1583,1.0,1.0,true,25
1584,1.0,1.0,true,25
1585,1.0,1.0,true,25
1586,1.0,1.0,true,25
1587,1.0,1.0,true,25
1588,1.0,1.0,true,25
1589,1.0,1.0,true,25
1590,1.0,1.0,false,25
1591,0.9828000000000001,1.0,false,25
1592,0.9660000000000004,1.0,false,25
1593,0.9488000000000002,1.0,false,25
1594,0.9316000000000002,1.0,false,25
1595,0.9139999999999996,1.0,false,25
1596,0.8967999999999996,1.0,false,25
1597,0.8795999999999996,1.0,false,25
1598,0.8623999999999998,1.0,false,25
1599,0.8452000000000001,1.0,false,25
1600,0.8276,1.0,false,25
1601,0.8079999999999999,1.0,false,25
1602,0.7899999999999995,1.0,false,25
1603,0.7711999999999998,1.0,false,25
1604,0.7527999999999996,1.0,false,25
1605,0.7347999999999996,1.0,false,8
1606,0.7167999999999998,1.0,false,7
1607,0.6983999999999999,1.0,false,7
1608,0.6803999999999999,1.0,false,7
1609,0.6611999999999996,1.0,false,7
1610,0.6419999999999996,1.0,false,6
1611,0.6231999999999999,1.0,false,5
1612,0.6039999999999996,1.0,false,5
1613,0.5847999999999994,1.0,false,3
1614,0.5655999999999995,1.0,false,2
1615,0.5463999999999998,1.0,false,2
1616,0.5267999999999996,1.0,false,1
1617,0.5067999999999995,1.0,false,0
1618,0.48679999999999957,1.0,false,0
1619,0.4667999999999997,1.0,false,0
1620,0.44679999999999936,1.0,true,0
1621,0.4967999999999994,1.0,true,0
1622,0.5467999999999996,1.0,true,2
1623,0.5975999999999995,1.0,true,5
1624,0.6483999999999996,1.0,true,6
1625,0.7007999999999999,1.0,true,7
1626,0.7523999999999995,1.0,true,8
1627,0.8031999999999998,1.0,true,25
1628,0.8512,1.0,true,25
1629,0.8924000000000001,1.0,true,25
1630,0.9311999999999998,1.0,true,25
1631,0.9679999999999996,1.0,true,25
1632,1.0,1.0,true,25
1633,1.0,1.0,true,25
1634,1.0,1.0,true,25
1635,1.0,1.0,true,25
1636,1.0,1.0,true,25
1637,1.0,1.0,true,25
1638,1.0,1.0,true,25
1639,1.0,1.0,true,25
1640,1.0,1.0,true,25
1641,1.0,1.0,true,25
1642,1.0,1.0,true,25
1643,1.0,1.0,true,25
1644,1.0,1.0,true,25
1645,1.0,1.0,true,25
1646,1.0,1.0,true,25
1647,1.0,1.0,true,25
1648,1.0,1.0,true,25
1649,1.0,1.0,true,25
1650,1.0,1.0,false,25
1651,0.9824,1.0,false,25
1652,0.9648000000000004,1.0,false,25
1653,0.9468000000000002,1.0,false,25
1654,0.9275999999999999,1.0,false,25
1655,0.9087999999999997,1.0,false,25
1656,0.8899999999999996,1.0,false,25
1657,0.8707999999999997,1.0,false,25
1658,0.8512,1.0,false,25
1659,0.8316000000000001,1.0,false,25
1660,0.8124000000000001,1.0,false,25
1661,0.7931999999999999,1.0,false,25
1662,0.7739999999999998,1.0,false,25
1663,0.7539999999999998,1.0,false,25
1664,0.7343999999999995,1.0,false,25
1665,0.7151999999999997,1.0,false,7
1666,0.6959999999999998,1.0,false,6
1667,0.6771999999999998,1.0,false,3
1668,0.6583999999999999,1.0,false,3
1669,0.6387999999999995,1.0,false,3
1670,0.6195999999999996,1.0,false,2
1671,0.6007999999999997,1.0,false,1
1672,0.5811999999999996,1.0,false,0
1673,0.5611999999999995,1.0,false,0
1674,0.5411999999999996,1.0,false,0
1675,0.5211999999999997,1.0,false,0
1676,0.5011999999999996,1.0,false,0
1677,0.48119999999999946,1.0,false,0
1678,0.46119999999999955,1.0,false,0
1679,0.44119999999999954,1.0,false,0
1680,0.42119999999999946,1.0,true,0
1681,0.4711999999999994,1.0,true,0
1682,0.5211999999999996,1.0,true,0
1683,0.5711999999999995,1.0,true,0
1684,0.6215999999999996,1.0,true,3
1685,0.6727999999999997,1.0,true,3
1686,0.7239999999999995,1.0,true,9
1687,0.7751999999999998,1.0,true,25
1688,0.8263999999999999,1.0,true,25
1689,0.8748000000000001,1.0,true,25
1690,0.9199999999999996,1.0,true,25
1691,0.9631999999999998,1.0,true,25
1692,1.0,1.0,true,25
1693,1.0,1.0,true,25
1694,1.0,1.0,true,25
1695,1.0,1.0,true,25
1696,1.0,1.0,true,25
1697,1.0,1.0,true,25
1698,1.0,1.0,true,25
1699,1.0,1.0,true,25
1700,1.0,1.0,true,25
1701,1.0,1.0,true,25
1702,1.0,1.0,true,25
1703,1.0,1.0,true,25
1704,1.0,1.0,true,25
1705,1.0,1.0,true,25
1706,1.0,1.0,true,25
1707,1.0,1.0,true,25
1708,1.0,1.0,true,25
1709,1.0,1.0,true,25
1710,1.0,1.0,false,25
1711,0.9816000000000003,1.0,false,25
1712,0.9636000000000005,1.0,false,25
1713,0.9464000000000001,1.0,false,25
1714,0.9292000000000001,1.0,false,25
1715,0.9115999999999999,1.0,false,25
1716,0.8939999999999995,1.0,false,25
1717,0.8759999999999997,1.0,false,25
1718,0.8579999999999999,1.0,false,25
1719,0.8400000000000002,1.0,false,25
1720,0.8224000000000002,1.0,false,25
1721,0.8048000000000001,1.0,false,25
1722,0.7875999999999996,1.0,false,25
1723,0.7699999999999997,1.0,false,25
1724,0.7523999999999995,1.0,false,25
1725,0.7347999999999995,1.0,false,8
1726,0.7171999999999997,1.0,false,7
1727,0.6996000000000001,1.0,false,6
1728,0.682,1.0,false,6
1729,0.6643999999999995,1.0,false,6
1730,0.6459999999999997,1.0,false,6
1731,0.6275999999999999,1.0,false,6
1732,0.6091999999999996,1.0,false,6
1733,0.5907999999999994,1.0,false,6
1734,0.5723999999999996,1.0,false,6
1735,0.5535999999999998,1.0,false,3
1736,0.5347999999999998,1.0,false,2
1737,0.5155999999999995,1.0,false,2
1738,0.4963999999999995,1.0,false,2
1739,0.4771999999999997,1.0,false,2
1740,0.4575999999999995,1.0,true,0
1741,0.5079999999999995,1.0,true,2
1742,0.5591999999999995,1.0,true,4
1743,0.6103999999999995,1.0,true,6
1744,0.6615999999999996,1.0,true,6
1745,0.7123999999999998,1.0,true,6
1746,0.7591999999999995,1.0,true,8
1747,0.8051999999999999,1.0,true,25
1748,0.8499999999999998,1.0,true,25
1749,0.8880000000000001,1.0,true,25
1750,0.9259999999999997,1.0,true,25
1751,0.9639999999999996,1.0,true,25
1752,1.0,1.0,true,25
1753,1.0,1.0,true,25
1754,1.0,1.0,true,25
1755,1.0,1.0,true,25
1756,1.0,1.0,true,25
1757,1.0,1.0,true,25
1758,1.0,1.0,true,25
1759,1.0,1.0,true,25
1760,1.0,1.0,true,25
1761,1.0,1.0,true,25
1762,1.0,1.0,true,25
1763,1.0,1.0,true,25
1764,1.0,1.0,true,25
1765,1.0,1.0,true,25
1766,1.0,1.0,true,25
1767,1.0,1.0,true,25
1768,1.0,1.0,true,25
1769,1.0,1.0,true,25
1770,1.0,1.0,false,25
1771,0.9824000000000003,1.0,false,25
1772,0.9648000000000004,1.0,false,25
1773,0.9472000000000003,1.0,false,25
1774,0.9296000000000003,1.0,false,25
1775,0.9119999999999996,1.0,false,25
1776,0.8943999999999995,1.0,false,25
1777,0.8767999999999997,1.0,false,25
1778,0.8592,1.0,false,25
1779,0.8416000000000001,1.0,false,25
1780,0.8240000000000002,1.0,false,25
1781,0.8064,1.0,false,25
1782,0.7887999999999994,1.0,false,25
1783,0.7711999999999997,1.0,false,25
1784,0.7535999999999993,1.0,false,25
1785,0.7359999999999995,1.0,false,6
1786,0.7183999999999997,1.0,false,6
1787,0.7008,1.0,false,6
1788,0.6832000000000003,1.0,false,6
1789,0.6655999999999996,1.0,false,6
1790,0.6479999999999998,1.0,false,6
1791,0.6303999999999998,1.0,false,6
1792,0.6127999999999995,1.0,false,6
1793,0.5951999999999993,1.0,false,6
1794,0.5775999999999997,1.0,false,6
1795,0.5591999999999999,1.0,false,6
1796,0.5415999999999999,1.0,false,6
1797,0.5239999999999995,1.0,false,6
1798,0.5063999999999995,1.0,false,6
1799,0.4875999999999997,1.0,false,2
1800,0.4679999999999994,1.0,true,0
1801,0.5191999999999994,1.0,true,6
1802,0.5715999999999998,1.0,true,6
1803,0.6243999999999993,1.0,true,6
1804,0.6767999999999996,1.0,true,6
1805,0.7287999999999998,1.0,true,6
1806,0.7743999999999995,1.0,true,8
1807,0.8131999999999999,1.0,true,25
1808,0.8519999999999998,1.0,true,25
1809,0.8908000000000003,1.0,true,25
1810,0.9295999999999996,1.0,true,25
1811,0.9659999999999996,1.0,true,25
1812,1.0,1.0,true,25
1813,1.0,1.0,true,25
1814,1.0,1.0,true,25
1815,1.0,1.0,true,25
1816,1.0,1.0,true,25
1817,1.0,1.0,true,25
1818,1.0,1.0,true,25
1819,1.0,1.0,true,25
1820,1.0,1.0,true,25
1821,1.0,1.0,true,25
1822,1.0,1.0,true,25
1823,1.0,1.0,true,25
1824,1.0,1.0,true,25
1825,1.0,1.0,true,25
1826,1.0,1.0,true,25
1827,1.0,1.0,true,25
1828,1.0,1.0,true,25
1829,1.0,1.0,true,25
1830,1.0,1.0,false,25
1831,0.9824000000000003,1.0,false,25
1832,0.9648000000000004,1.0,false,25
1833,0.9476000000000002,1.0,false,25
1834,0.9300000000000003,1.0,false,25
1835,0.9127999999999997,1.0,false,25
1836,0.8955999999999996,1.0,false,25
1837,0.8783999999999996,1.0,false,25
1838,0.8607999999999998,1.0,false,25
1839,0.8432000000000001,1.0,false,25
1840,0.8260000000000001,1.0,false,25
1841,0.8079999999999998,1.0,false,25
1842,0.7903999999999997,1.0,false,25
1843,0.7723999999999996,1.0,false,25
1844,0.7543999999999995,1.0,false,25
1845,0.7363999999999996,1.0,false,8
1846,0.7179999999999999,1.0,false,8
1847,0.7,1.0,false,7
1848,0.682,1.0,false,7
1849,0.6639999999999996,1.0,false,7
1850,0.6459999999999997,1.0,false,7
1851,0.6283999999999998,1.0,false,5
1852,0.6103999999999995,1.0,false,4
1853,0.5923999999999995,1.0,false,4
1854,0.5743999999999997,1.0,false,4
1855,0.5563999999999999,1.0,false,4
1856,0.5379999999999999,1.0,false,4
1857,0.5195999999999994,1.0,false,4
1858,0.5007999999999996,1.0,false,2
1859,0.48159999999999975,1.0,false,2
1860,0.46199999999999947,1.0,true,0
1861,0.5123999999999994,1.0,true,3
1862,0.5635999999999997,1.0,true,4
1863,0.6155999999999995,1.0,true,5
1864,0.6675999999999996,1.0,true,7
1865,0.7195999999999997,1.0,true,7
1866,0.7675999999999995,1.0,true,8
1867,0.8107999999999999,1.0,true,25
1868,0.8515999999999998,1.0,true,25
1869,0.8924000000000001,1.0,true,25
1870,0.9307999999999997,1.0,true,25
1871,0.9671999999999997,1.0,true,25
1872,1.0,1.0,true,25
1873,1.0,1.0,true,25
1874,1.0,1.0,true,25
1875,1.0,1.0,true,25
1876,1.0,1.0,true,25
1877,1.0,1.0,true,25
1878,1.0,1.0,true,25
1879,1.0,1.0,true,25
1880,1.0,1.0,true,25
1881,1.0,1.0,true,25
1882,1.0,1.0,true,25
1883,1.0,1.0,true,25
1884,1.0,1.0,true,25
1885,1.0,1.0,true,25
1886,1.0,1.0,true,25
1887,1.0,1.0,true,25
1888,1.0,1.0,true,25
1889,1.0,1.0,true,25
1890,1.0,1.0,false,25
1891,0.9832000000000001,1.0,false,25
1892,0.9664000000000005,1.0,false,25
1893,0.9496000000000001,1.0,false,25
1894,0.9328000000000003,1.0,false,25
1895,0.9159999999999997,1.0,false,25
1896,0.8991999999999998,1.0,false,25
1897,0.8823999999999996,1.0,false,25
1898,0.8656,1.0,false,25
1899,0.8488000000000001,1.0,false,25
1900,0.8320000000000002,1.0,false,25
1901,0.8151999999999999,1.0,false,25
1902,0.7983999999999994,1.0,false,25
1903,0.7811999999999997,1.0,false,25
1904,0.7639999999999993,1.0,false,25
1905,0.7467999999999995,1.0,false,8
1906,0.7295999999999998,1.0,false,8
1907,0.7123999999999999,1.0,false,8
1908,0.6952000000000002,1.0,false,8
1909,0.6779999999999997,1.0,false,8
1910,0.6607999999999997,1.0,false,8
1911,0.6431999999999997,1.0,false,7
1912,0.6263999999999994,1.0,false,7
1913,0.6095999999999995,1.0,false,7
1914,0.5927999999999997,1.0,false,7
1915,0.5759999999999998,1.0,false,7
1916,0.5587999999999999,1.0,false,7
1917,0.5415999999999995,1.0,false,7
1918,0.5243999999999995,1.0,false,7
1919,0.5067999999999997,1.0,false,5
1920,0.4879999999999994,1.0,true,0
1921,0.5395999999999994,1.0,true,7
1922,0.5923999999999998,1.0,true,7
1923,0.6451999999999994,1.0,true,8
1924,0.6979999999999995,1.0,true,8
1925,0.7503999999999996,1.0,true,8
1926,0.7907999999999995,1.0,true,9
1927,0.8268,1.0,true,25
1928,0.8627999999999997,1.0,true,25
1929,0.8984000000000001,1.0,true,25
1930,0.9323999999999998,1.0,true,25
1931,0.9663999999999997,1.0,true,25
1932,1.0,1.0,true,25
1933,1.0,1.0,true,25
1934,1.0,1.0,true,25
1935,1.0,1.0,true,25
1936,1.0,1.0,true,25
1937,1.0,1.0,true,25
1938,1.0,1.0,true,25
1939,1.0,1.0,true,25
1940,1.0,1.0,true,25
1941,1.0,1.0,true,25
1942,1.0,1.0,true,25
1943,1.0,1.0,true,25
1944,1.0,1.0,true,25
1945,1.0,1.0,true,25
1946,1.0,1.0,true,25
1947,1.0,1.0,true,25
1948,1.0,1.0,true,25
1949,1.0,1.0,true,25
1950,1.0,1.0,false,25
1951,0.9816000000000001,1.0,false,25
1952,0.9636000000000005,1.0,false,25
1953,0.9451999999999999,1.0,false,25
1954,0.9268000000000004,1.0,false,25
1955,0.9083999999999998,1.0,false,25
1956,0.8899999999999997,1.0,false,25
1957,0.8715999999999997,1.0,false,25
1958,0.8532,1.0,false,25
1959,0.8348000000000002,1.0,false,25
1960,0.8164000000000001,1.0,false,25
1961,0.7984,1.0,false,25
1962,0.7807999999999996,1.0,false,25
1963,0.7631999999999997,1.0,false,25
1964,0.7455999999999995,1.0,false,25
1965,0.7279999999999995,1.0,false,7
1966,0.7103999999999998,1.0,false,6
1967,0.6923999999999999,1.0,false,6
1968,0.6732,1.0,false,5
1969,0.6539999999999995,1.0,false,4
1970,0.6347999999999996,1.0,false,4
1971,0.6155999999999999,1.0,false,4
1972,0.5963999999999995,1.0,false,4
1973,0.5771999999999994,1.0,false,4
1974,0.5579999999999996,1.0,false,2
1975,0.5379999999999998,1.0,false,2
1976,0.5179999999999998,1.0,false,2
1977,0.4979999999999993,1.0,false,0
1978,0.47799999999999954,1.0,false,0
1979,0.45799999999999974,1.0,false,0
1980,0.4379999999999994,1.0,true,0
1981,0.4879999999999994,1.0,true,0
1982,0.5379999999999996,1.0,true,2
1983,0.5879999999999994,1.0,true,4
1984,0.6379999999999996,1.0,true,4
1985,0.6883999999999999,1.0,true,6
1986,0.7391999999999994,1.0,true,7
1987,0.7903999999999999,1.0,true,25
1988,0.8367999999999997,1.0,true,25
1989,0.8812000000000001,1.0,true,25
1990,0.9231999999999998,1.0,true,25
1991,0.9623999999999997,1.0,true,25
1992,1.0,1.0,true,25
1993,1.0,1.0,true,25
1994,1.0,1.0,true,25
1995,1.0,1.0,true,25
1996,1.0,1.0,true,25
1997,1.0,1.0,true,25
1998,1.0,1.0,true,25
1999,1.0,1.0,true,25
2000,1.0,1.0,true,25
2001,1.0,1.0,true,25
2002,1.0,1.0,true,25
2003,1.0,1.0,true,25
2004,1.0,1.0,true,25
2005,1.0,1.0,true,25
2006,1.0,1.0,true,25
2007,1.0,1.0,true,25
2008,1.0,1.0,true,25
2009,1.0,1.0,true,25
2010,1.0,1.0,false,25
2011,0.9800000000000003,1.0,false,25
2012,0.9600000000000005,1.0,false,25
2013,0.9400000000000002,1.0,false,25
2014,0.9200000000000003,1.0,false,25
2015,0.8999999999999997,1.0,false,25
2016,0.8799999999999994,1.0,false,25
2017,0.8599999999999995,1.0,false,25
2018,0.8399999999999999,1.0,false,25
2019,0.8200000000000002,1.0,false,25
2020,0.8000000000000003,1.0,false,25
2021,0.7799999999999998,1.0,false,25
2022,0.7603999999999996,1.0,false,25
2023,0.7415999999999998,1.0,false,25
2024,0.7227999999999994,1.0,false,25
2025,0.7039999999999995,1.0,false,6
2026,0.6847999999999996,1.0,false,1
2027,0.6652,1.0,false,0
2028,0.6452000000000001,1.0,false,0
2029,0.6251999999999994,1.0,false,0
2030,0.6051999999999996,1.0,false,0
2031,0.5851999999999999,1.0,false,0
2032,0.5651999999999994,1.0,false,0
2033,0.5451999999999994,1.0,false,0
2034,0.5251999999999996,1.0,false,0
2035,0.5051999999999999,1.0,false,0
2036,0.4851999999999998,1.0,false,0
2037,0.46519999999999934,1.0,false,0
2038,0.44519999999999954,1.0,false,0
2039,0.4251999999999997,1.0,false,0
2040,0.4051999999999994,1.0,true,0
2041,0.4551999999999994,1.0,true,0
2042,0.5051999999999996,1.0,true,0
2043,0.5551999999999994,1.0,true,0
2044,0.6051999999999996,1.0,true,0
2045,0.6551999999999998,1.0,true,0
2046,0.7059999999999995,1.0,true,6
2047,0.7575999999999997,1.0,true,25
2048,0.8095999999999998,1.0,true,25
2049,0.8612000000000002,1.0,true,25
2050,0.9127999999999996,1.0,true,25
2051,0.9595999999999997,1.0,true,25
2052,1.0,1.0,true,25
2053,1.0,1.0,true,25
2054,1.0,1.0,true,25
2055,1.0,1.0,true,25
2056,1.0,1.0,true,25
2057,1.0,1.0,true,25
2058,1.0,1.0,true,25
2059,1.0,1.0,true,25
2060,1.0,1.0,true,25
2061,1.0,1.0,true,25
2062,1.0,1.0,true,25
2063,1.0,1.0,true,25
2064,1.0,1.0,true,25
2065,1.0,1.0,true,25
2066,1.0,1.0,true,25
2067,1.0,1.0,true,25
2068,1.0,1.0,true,25
2069,1.0,1.0,true,25
2070,1.0,1.0,false,25
2071,0.9800000000000003,1.0,false,25
2072,0.9600000000000005,1.0,false,25
2073,0.9400000000000002,1.0,false,25
2074,0.9200000000000003,1.0,false,25
2075,0.8999999999999997,1.0,false,25
2076,0.8799999999999994,1.0,false,25
2077,0.8603999999999996,1.0,false,25
2078,0.8411999999999997,1.0,false,25
2079,0.8228000000000002,1.0,false,25
2080,0.8044000000000002,1.0,false,25
2081,0.7859999999999998,1.0,false,25
2082,0.7675999999999996,1.0,false,25
2083,0.7491999999999998,1.0,false,25
2084,0.7307999999999996,1.0,false,25
2085,0.7123999999999995,1.0,false,4
2086,0.6939999999999997,1.0,false,4
2087,0.6756,1.0,false,4
2088,0.6572,1.0,false,4
2089,0.6387999999999995,1.0,false,4
2090,0.6203999999999996,1.0,false,4
2091,0.6019999999999999,1.0,false,4
2092,0.5831999999999994,1.0,false,2
2093,0.5635999999999993,1.0,false,0
2094,0.5435999999999996,1.0,false,0
2095,0.5235999999999997,1.0,false,0
2096,0.5035999999999998,1.0,false,0
2097,0.4835999999999993,1.0,false,0
2098,0.4635999999999995,1.0,false,0
2099,0.44359999999999966,1.0,false,0
2100,0.4235999999999993,1.0,true,0
2101,0.47359999999999935,1.0,true,0
2102,0.5235999999999996,1.0,true,0
2103,0.5739999999999995,1.0,true,2
2104,0.6247999999999997,1.0,true,4
2105,0.6755999999999998,1.0,true,4
2106,0.7263999999999995,1.0,true,4
2107,0.7772,1.0,true,25
2108,0.8267999999999996,1.0,true,25
2109,0.8728000000000001,1.0,true,25
2110,0.9159999999999997,1.0,true,25
2111,0.9579999999999997,1.0,true,25
2112,1.0,1.0,true,25
2113,1.0,1.0,true,25
2114,1.0,1.0,true,25
2115,1.0,1.0,true,25
2116,1.0,1.0,true,25
2117,1.0,1.0,true,25
2118,1.0,1.0,true,25
2119,1.0,1.0,true,25
2120,1.0,1.0,true,25
2121,1.0,1.0,true,25
2122,1.0,1.0,true,25
2123,1.0,1.0,true,25
2124,1.0,1.0,true,25
2125,1.0,1.0,true,25
2126,1.0,1.0,true,25
2127,1.0,1.0,true,25
2128,1.0,1.0,true,25
2129,1.0,1.0,true,25
2130,1.0,1.0,false,25
2131,0.9816000000000003,1.0,false,25
2132,0.9632000000000005,1.0,false,25
2133,0.9448000000000002,1.0,false,25
2134,0.9256000000000003,1.0,false,25
2135,0.9063999999999998,1.0,false,25
2136,0.8871999999999995,1.0,false,25
2137,0.8679999999999997,1.0,false,25
2138,0.8487999999999997,1.0,false,25
2139,0.8296000000000001,1.0,false,25
2140,0.8104,1.0,false,25
2141,0.7911999999999999,1.0,false,25
2142,0.7719999999999995,1.0,false,25
2143,0.7527999999999999,1.0,false,25
2144,0.7335999999999995,1.0,false,25
2145,0.7143999999999997,1.0,false,4
2146,0.6951999999999997,1.0,false,4
2147,0.6759999999999998,1.0,false,2
2148,0.6567999999999999,1.0,false,2
2149,0.6375999999999995,1.0,false,2
2150,0.6183999999999996,1.0,false,2
2151,0.5991999999999998,1.0,false,2
2152,0.5799999999999994,1.0,false,2
2153,0.5607999999999994,1.0,false,2
2154,0.5415999999999995,1.0,false,2
2155,0.5223999999999998,1.0,false,2
2156,0.5031999999999998,1.0,false,2
2157,0.48399999999999943,1.0,false,2
2158,0.4647999999999995,1.0,false,2
2159,0.44559999999999966,1.0,false,2
2160,0.42599999999999943,1.0,true,0
2161,0.4763999999999994,1.0,true,2
2162,0.5271999999999996,1.0,true,2
2163,0.5779999999999994,1.0,true,2
2164,0.6287999999999996,1.0,true,2
2165,0.6796,1.0,true,2
2166,0.7263999999999996,1.0,true,4
2167,0.7731999999999998,1.0,true,25
2168,0.8199999999999997,1.0,true,25
2169,0.8668000000000002,1.0,true,25
2170,0.9135999999999997,1.0,true,25
2171,0.9579999999999997,1.0,true,25
2172,1.0,1.0,true,25
2173,1.0,1.0,true,25
2174,1.0,1.0,true,25
2175,1.0,1.0,true,25
2176,1.0,1.0,true,25
2177,1.0,1.0,true,25
2178,1.0,1.0,true,25
2179,1.0,1.0,true,25
2180,1.0,1.0,true,25
2181,1.0,1.0,true,25
2182,1.0,1.0,true,25
2183,1.0,1.0,true,25
2184,1.0,1.0,true,25
2185,1.0,1.0,true,25
2186,1.0,1.0,true,25
2187,1.0,1.0,true,25
2188,1.0,1.0,true,25
2189,1.0,1.0,true,25
2190,1.0,1.0,false,25
2191,0.9816000000000003,1.0,false,25
2192,0.9632000000000005,1.0,false,25
2193,0.9448000000000002,1.0,false,25
2194,0.9264000000000004,1.0,false,25
2195,0.9083999999999997,1.0,false,25
2196,0.8907999999999996,1.0,false,25
2197,0.8731999999999996,1.0,false,25
2198,0.8555999999999997,1.0,false,25
2199,0.8380000000000001,1.0,false,25
2200,0.8204,1.0,false,25
2201,0.8028,1.0,false,25
2202,0.7851999999999997,1.0,false,25
2203,0.7675999999999997,1.0,false,25
2204,0.7499999999999993,1.0,false,25
2205,0.7323999999999995,1.0,false,6
2206,0.7139999999999997,1.0,false,6
2207,0.6964,1.0,false,6
2208,0.6788,1.0,false,6
2209,0.6611999999999995,1.0,false,6
2210,0.6435999999999996,1.0,false,6
2211,0.6251999999999999,1.0,false,6
2212,0.6067999999999995,1.0,false,6
2213,0.5879999999999994,1.0,false,6
2214,0.5695999999999996,1.0,false,6
2215,0.5511999999999998,1.0,false,3
2216,0.5319999999999999,1.0,false,2
2217,0.5127999999999995,1.0,false,2
2218,0.4935999999999995,1.0,false,2
2219,0.4743999999999997,1.0,false,1
2220,0.45439999999999925,1.0,true,0
2221,0.5047999999999994,1.0,true,2
2222,0.5559999999999996,1.0,true,4
2223,0.6071999999999994,1.0,true,6
2224,0.6587999999999997,1.0,true,6
2225,0.7103999999999999,1.0,true,6
2226,0.7587999999999995,1.0,true,6
2227,0.8047999999999998,1.0,true,25
2228,0.8471999999999998,1.0,true,25
2229,0.8860000000000002,1.0,true,25
2230,0.9239999999999996,1.0,true,25
2231,0.9619999999999996,1.0,true,25
2232,1.0,1.0,true,25
2233,1.0,1.0,true,25
2234,1.0,1.0,true,25
2235,1.0,1.0,true,25
2236,1.0,1.0,true,25
2237,1.0,1.0,true,25
2238,1.0,1.0,true,25
2239,1.0,1.0,true,25
2240,1.0,1.0,true,25
2241,1.0,1.0,true,25
2242,1.0,1.0,true,25
2243,1.0,1.0,true,25
2244,1.0,1.0,true,25
2245,1.0,1.0,true,25
2246,1.0,1.0,true,25
2247,1.0,1.0,true,25
2248,1.0,1.0,true,25
2249,1.0,1.0,true,25
2250,1.0,1.0,false,25
2251,0.9812000000000002,1.0,false,25
2252,0.9620000000000004,1.0,false,25
2253,0.9428000000000002,1.0,false,25
2254,0.9236000000000004,1.0,false,25
2255,0.9043999999999996,1.0,false,25
2256,0.8851999999999995,1.0,false,25
2257,0.8659999999999997,1.0,false,25
2258,0.8467999999999998,1.0,false,25
2259,0.8276000000000002,1.0,false,25
2260,0.8084000000000002,1.0,false,25
2261,0.7891999999999997,1.0,false,25
2262,0.7699999999999996,1.0,false,25
2263,0.7508,1.0,false,25
2264,0.7315999999999993,1.0,false,25
2265,0.7123999999999995,1.0,false,3
2266,0.6931999999999998,1.0,false,2
2267,0.6739999999999999,1.0,false,2
2268,0.6548,1.0,false,2
2269,0.6355999999999994,1.0,false,2
2270,0.6163999999999996,1.0,false,2
2271,0.5972,1.0,false,2
2272,0.5779999999999992,1.0,false,2
2273,0.5587999999999993,1.0,false,2
2274,0.5395999999999996,1.0,false,2
2275,0.5203999999999999,1.0,false,2
2276,0.5011999999999999,1.0,false,2
2277,0.4819999999999993,1.0,false,2
2278,0.46279999999999943,1.0,false,2
2279,0.4435999999999998,1.0,false,2
2280,0.42399999999999943,1.0,true,0
2281,0.47439999999999943,1.0,true,2
2282,0.5251999999999996,1.0,true,2
2283,0.5759999999999994,1.0,true,2
2284,0.6267999999999997,1.0,true,2
2285,0.6775999999999999,1.0,true,2
2286,0.7243999999999994,1.0,true,3
2287,0.7704,1.0,true,25
2288,0.8163999999999996,1.0,true,25
2289,0.8624,1.0,true,25
2290,0.9083999999999997,1.0,true,25
2291,0.9543999999999996,1.0,true,25
2292,1.0,1.0,true,25
2293,1.0,1.0,true,25
2294,1.0,1.0,true,25
2295,1.0,1.0,true,25
2296,1.0,1.0,true,25
2297,1.0,1.0,true,25
2298,1.0,1.0,true,25
2299,1.0,1.0,true,25
2300,1.0,1.0,true,25
2301,1.0,1.0,true,25
2302,1.0,1.0,true,25
2303,1.0,1.0,true,25
2304,1.0,1.0,true,25
2305,1.0,1.0,true,25
2306,1.0,1.0,true,25
2307,1.0,1.0,true,25
2308,1.0,1.0,true,25
2309,1.0,1.0,true,25
2310,1.0,1.0,false,25
2311,0.9816000000000003,1.0,false,25
2312,0.9628000000000004,1.0,false,25
2313,0.9436000000000001,1.0,false,25
2314,0.9248000000000005,1.0,false,25
2315,0.9067999999999996,1.0,false,25
2316,0.8883999999999997,1.0,false,25
2317,0.8691999999999996,1.0,false,25
2318,0.8503999999999999,1.0,false,25
2319,0.8312,1.0,false,25
2320,0.8124000000000001,1.0,false,25
2321,0.7943999999999999,1.0,false,25
2322,0.7759999999999995,1.0,false,25
2323,0.7579999999999998,1.0,false,25
2324,0.7399999999999995,1.0,false,25
2325,0.7219999999999998,1.0,false,9
2326,0.7039999999999997,1.0,false,7
2327,0.6859999999999998,1.0,false,5
2328,0.6679999999999998,1.0,false,5
2329,0.6499999999999995,1.0,false,4
2330,0.6311999999999997,1.0,false,2
2331,0.6119999999999998,1.0,false,2
2332,0.5927999999999995,1.0,false,2
2333,0.5735999999999996,1.0,false,2
2334,0.5543999999999996,1.0,false,2
2335,0.5351999999999998,1.0,false,2
2336,0.5159999999999997,1.0,false,2
2337,0.4967999999999995,1.0,false,2
2338,0.47759999999999947,1.0,false,2
2339,0.4579999999999997,1.0,false,1
2340,0.4379999999999994,1.0,true,0
2341,0.4879999999999995,1.0,true,2
2342,0.5387999999999996,1.0,true,2
2343,0.5895999999999995,1.0,true,2
2344,0.6403999999999995,1.0,true,2
2345,0.6911999999999999,1.0,true,5
2346,0.7403999999999996,1.0,true,10
2347,0.7879999999999997,1.0,true,25
2348,0.8355999999999999,1.0,true,25
2349,0.8832000000000001,1.0,true,25
2350,0.9299999999999996,1.0,true,25
2351,0.9695999999999998,1.0,true,25
2352,1.0,1.0,true,25
2353,1.0,1.0,true,25
2354,1.0,1.0,true,25
2355,1.0,1.0,true,25
2356,1.0,1.0,true,25
2357,1.0,1.0,true,25
2358,1.0,1.0,true,25
2359,1.0,1.0,true,25
2360,1.0,1.0,true,25
2361,1.0,1.0,true,25
2362,1.0,1.0,true,25
2363,1.0,1.0,true,25
2364,1.0,1.0,true,25
2365,1.0,1.0,true,25
2366,1.0,1.0,true,25
2367,1.0,1.0,true,25
2368,1.0,1.0,true,25
2369,1.0,1.0,true,25
2370,1.0,1.0,false,25
2371,0.9832000000000001,1.0,false,25
2372,0.9668000000000003,1.0,false,25
2373,0.9504000000000002,1.0,false,25
2374,0.9336000000000004,1.0,false,25
2375,0.9167999999999996,1.0,false,25
2376,0.9003999999999998,1.0,false,25
2377,0.8851999999999998,1.0,false,25
2378,0.8687999999999999,1.0,false,25
2379,0.8528,1.0,false,25
2380,0.836,1.0,false,25
2381,0.8188,1.0,false,25
2382,0.8027999999999996,1.0,false,25
2383,0.7863999999999999,1.0,false,25
2384,0.7695999999999995,1.0,false,25
2385,0.7527999999999996,1.0,false,13
2386,0.7359999999999998,1.0,false,13
2387,0.7195999999999998,1.0,false,13
2388,0.7036,1.0,false,13
2389,0.6871999999999997,1.0,false,9
2390,0.6699999999999997,1.0,false,7
2391,0.6528,1.0,false,7
2392,0.6355999999999995,1.0,false,7
2393,0.6183999999999994,1.0,false,6
2394,0.6007999999999997,1.0,false,5
2395,0.5819999999999999,1.0,false,4
2396,0.5631999999999998,1.0,false,4
2397,0.5439999999999996,1.0,false,4
2398,0.5247999999999995,1.0,false,2
2399,0.5055999999999997,1.0,false,2
2400,0.48599999999999943,1.0,true,0
2401,0.5363999999999995,1.0,true,2
2402,0.5871999999999997,1.0,true,4
2403,0.6383999999999994,1.0,true,7
2404,0.6907999999999997,1.0,true,8
2405,0.7439999999999997,1.0,true,13
2406,0.7939999999999996,1.0,true,13
2407,0.8412000000000001,1.0,true,25
2408,0.8819999999999998,1.0,true,25
2409,0.9184,1.0,true,25
2410,0.9487999999999999,1.0,true,25
2411,0.9759999999999998,1.0,true,25
2412,1.0,1.0,true,25
2413,1.0,1.0,true,25
2414,1.0,1.0,true,25
2415,1.0,1.0,true,25
2416,1.0,1.0,true,25
2417,1.0,1.0,true,25
2418,1.0,1.0,true,25
2419,1.0,1.0,true,25
2420,1.0,1.0,true,25
2421,1.0,1.0,true,25
2422,1.0,1.0,true,25
2423,1.0,1.0,true,25
2424,1.0,1.0,true,25
2425,1.0,1.0,true,25
2426,1.0,1.0,true,25
2427,1.0,1.0,true,25
2428,1.0,1.0,true,25
2429,1.0,1.0,true,25
2430,1.0,1.0,false,25
2431,0.9836,1.0,false,25
2432,0.9672000000000004,1.0,false,25
2433,0.9503999999999999,1.0,false,25
2434,0.934,1.0,false,25
2435,0.9175999999999997,1.0,false,25
2436,0.9011999999999998,1.0,false,25
2437,0.8851999999999997,1.0,false,25
2438,0.8695999999999998,1.0,false,25
2439,0.8540000000000001,1.0,false,25
2440,0.8388,1.0,false,25
2441,0.8231999999999999,1.0,false,25
2442,0.8063999999999995,1.0,false,25
2443,0.7903999999999998,1.0,false,25
2444,0.7747999999999997,1.0,false,25
2445,0.7583999999999997,1.0,false,13
2446,0.7427999999999999,1.0,false,13
2447,0.7263999999999997,1.0,false,11
2448,0.7099999999999999,1.0,false,11
2449,0.6943999999999996,1.0,false,11
2450,0.6783999999999996,1.0,false,9
2451,0.6619999999999999,1.0,false,9
2452,0.6447999999999996,1.0,false,9
2453,0.6275999999999995,1.0,false,7
2454,0.6103999999999996,1.0,false,7
2455,0.5931999999999998,1.0,false,7
2456,0.5759999999999998,1.0,false,7
2457,0.5587999999999996,1.0,false,7
2458,0.5415999999999996,1.0,false,7
2459,0.5243999999999996,1.0,false,6
2460,0.5055999999999995,1.0,true,0
2461,0.5571999999999995,1.0,true,7
2462,0.6099999999999998,1.0,true,7
2463,0.6631999999999995,1.0,true,9
2464,0.7167999999999995,1.0,true,9
2465,0.7699999999999997,1.0,true,11
2466,0.8107999999999997,1.0,true,13
2467,0.8483999999999999,1.0,true,25
2468,0.8859999999999998,1.0,true,25
2469,0.9188000000000001,1.0,true,25
2470,0.9471999999999997,1.0,true,25
2471,0.9751999999999998,1.0,true,25
2472,1.0,1.0,true,25
2473,1.0,1.0,true,25
2474,1.0,1.0,true,25
2475,1.0,1.0,true,25
2476,1.0,1.0,true,25
2477,1.0,1.0,true,25
2478,1.0,1.0,true,25
2479,1.0,1.0,true,25
2480,1.0,1.0,true,25
2481,1.0,1.0,true,25
2482,1.0,1.0,true,25
2483,1.0,1.0,true,25
2484,1.0,1.0,true,25
2485,1.0,1.0,true,25
2486,1.0,1.0,true,25
2487,1.0,1.0,true,25
2488,1.0,1.0,true,25
2489,1.0,1.0,true,25
2490,1.0,1.0,false,25
2491,0.9828,1.0,false,25
2492,0.9652000000000004,1.0,false,25
2493,0.9480000000000001,1.0,false,25
2494,0.9308000000000001,1.0,false,25
2495,0.9127999999999997,1.0,false,25
2496,0.8947999999999996,1.0,false,25
2497,0.8767999999999998,1.0,false,25
2498,0.8591999999999999,1.0,false,25
2499,0.8420000000000002,1.0,false,25
2500,0.8248000000000001,1.0,false,25
2501,0.8075999999999999,1.0,false,25
2502,0.7907999999999997,1.0,false,25
2503,0.7739999999999996,1.0,false,25
2504,0.7575999999999996,1.0,false,25
2505,0.7403999999999996,1.0,false,11
2506,0.7231999999999996,1.0,false,7
2507,0.706,1.0,false,7
2508,0.6887999999999999,1.0,false,7
2509,0.6715999999999995,1.0,false,7
2510,0.6539999999999996,1.0,false,7
2511,0.6363999999999997,1.0,false,7
2512,0.6187999999999996,1.0,false,7
2513,0.6011999999999995,1.0,false,7
2514,0.5839999999999996,1.0,false,7
2515,0.5667999999999997,1.0,false,6
2516,0.5495999999999998,1.0,false,6
2517,0.5319999999999995,1.0,false,4
2518,0.5139999999999995,1.0,false,4
2519,0.4947999999999997,1.0,false,1
2520,0.47479999999999933,1.0,true,0
2521,0.5259999999999995,1.0,true,4
2522,0.5779999999999997,1.0,true,7
2523,0.6299999999999994,1.0,true,7
2524,0.6819999999999996,1.0,true,7
2525,0.7343999999999998,1.0,true,7
2526,0.7819999999999996,1.0,true,11
2527,0.8243999999999998,1.0,true,25
2528,0.8619999999999999,1.0,true,25
2529,0.8996000000000001,1.0,true,25
2530,0.9371999999999997,1.0,true,25
2531,0.9723999999999997,1.0,true,25
2532,1.0,1.0,true,25
2533,1.0,1.0,true,25
2534,1.0,1.0,true,25
2535,1.0,1.0,true,25
2536,1.0,1.0,true,25
2537,1.0,1.0,true,25
2538,1.0,1.0,true,25
2539,1.0,1.0,true,25
2540,1.0,1.0,true,25
2541,1.0,1.0,true,25
2542,1.0,1.0,true,25
2543,1.0,1.0,true,25
2544,1.0,1.0,true,25
2545,1.0,1.0,true,25
2546,1.0,1.0,true,25
2547,1.0,1.0,true,25
2548,1.0,1.0,true,25
2549,1.0,1.0,true,25
2550,1.0,1.0,false,25
2551,0.9828000000000001,1.0,false,25
2552,0.9656000000000005,1.0,false,25
2553,0.9492,1.0,false,25
2554,0.9328000000000003,1.0,false,25
2555,0.9167999999999998,1.0,false,25
2556,0.9003999999999996,1.0,false,25
2557,0.8839999999999998,1.0,false,25
2558,0.8683999999999997,1.0,false,25
2559,0.8528000000000001,1.0,false,25
2560,0.8368000000000001,1.0,false,25
2561,0.8204,1.0,false,25
2562,0.8039999999999996,1.0,false,25
2563,0.7875999999999996,1.0,false,25
2564,0.7707999999999994,1.0,false,25
2565,0.7543999999999997,1.0,false,11
2566,0.7379999999999999,1.0,false,11
2567,0.7215999999999998,1.0,false,11
2568,0.7051999999999999,1.0,false,9
2569,0.6883999999999996,1.0,false,9
2570,0.6715999999999996,1.0,false,9
2571,0.6551999999999997,1.0,false,9
2572,0.6387999999999995,1.0,false,9
2573,0.6223999999999996,1.0,false,9
2574,0.6059999999999995,1.0,false,9
2575,0.5895999999999997,1.0,false,9
2576,0.5727999999999996,1.0,false,7
2577,0.5555999999999996,1.0,false,6
2578,0.5375999999999996,1.0,false,6
2579,0.5191999999999996,1.0,false,4
2580,0.4999999999999995,1.0,true,0
2581,0.5511999999999995,1.0,true,7
2582,0.6043999999999995,1.0,true,9
2583,0.6579999999999996,1.0,true,9
2584,0.7115999999999997,1.0,true,9
2585,0.7651999999999997,1.0,true,9
2586,0.8091999999999997,1.0,true,11
2587,0.8452,1.0,true,25
2588,0.8779999999999997,1.0,true,25
2589,0.9104000000000001,1.0,true,25
2590,0.9423999999999998,1.0,true,25
2591,0.9719999999999998,1.0,true,25
2592,1.0,1.0,true,25
2593,1.0,1.0,true,25
2594,1.0,1.0,true,25
2595,1.0,1.0,true,25
2596,1.0,1.0,true,25
2597,1.0,1.0,true,25
2598,1.0,1.0,true,25
2599,1.0,1.0,true,25
2600,1.0,1.0,true,25
2601,1.0,1.0,true,25
2602,1.0,1.0,true,25
2603,1.0,1.0,true,25
2604,1.0,1.0,true,25
2605,1.0,1.0,true,25
2606,1.0,1.0,true,25
2607,1.0,1.0,true,25
2608,1.0,1.0,true,25
2609,1.0,1.0,true,25
2610,1.0,1.0,false,25
2611,0.9836,1.0,false,25
2612,0.9676000000000005,1.0,false,25
2613,0.9516,1.0,false,25
2614,0.9356000000000003,1.0,false,25
2615,0.9195999999999996,1.0,false,25
2616,0.9035999999999997,1.0,false,25
2617,0.8875999999999996,1.0,false,25
2618,0.8715999999999999,1.0,false,25
2619,0.8552000000000001,1.0,false,25
2620,0.8384,1.0,false,25
2621,0.8224000000000001,1.0,false,25
2622,0.8059999999999998,1.0,false,25
2623,0.7895999999999997,1.0,false,25
2624,0.7735999999999994,1.0,false,25
2625,0.7575999999999996,1.0,false,10
2626,0.7415999999999998,1.0,false,10
2627,0.7256,1.0,false,10
2628,0.7096000000000001,1.0,false,10
2629,0.6935999999999996,1.0,false,10
2630,0.6775999999999998,1.0,false,10
2631,0.6615999999999999,1.0,false,10
2632,0.6455999999999995,1.0,false,10
2633,0.6295999999999995,1.0,false,10
2634,0.6135999999999997,1.0,false,10
2635,0.5975999999999999,1.0,false,10
2636,0.5815999999999998,1.0,false,10
2637,0.5655999999999995,1.0,false,9
2638,0.5487999999999995,1.0,false,8
2639,0.5319999999999997,1.0,false,6
2640,0.5135999999999995,1.0,true,0
2641,0.5655999999999994,1.0,true,9
2642,0.6191999999999996,1.0,true,10
2643,0.6731999999999995,1.0,true,10
2644,0.7271999999999994,1.0,true,10
2645,0.7811999999999998,1.0,true,10
2646,0.8199999999999996,1.0,true,10
2647,0.85,1.0,true,25
2648,0.8799999999999999,1.0,true,25
2649,0.91,1.0,true,25
2650,0.9399999999999998,1.0,true,25
2651,0.9699999999999998,1.0,true,25
2652,1.0,1.0,true,25
2653,1.0,1.0,true,25
2654,1.0,1.0,true,25
2655,1.0,1.0,true,25
2656,1.0,1.0,true,25
2657,1.0,1.0,true,25
2658,1.0,1.0,true,25
2659,1.0,1.0,true,25
2660,1.0,1.0,true,25
2661,1.0,1.0,true,25
2662,1.0,1.0,true,25
2663,1.0,1.0,true,25
2664,1.0,1.0,true,25
2665,1.0,1.0,true,25
2666,1.0,1.0,true,25
2667,1.0,1.0,true,25
2668,1.0,1.0,true,25
2669,1.0,1.0,true,25
2670,1.0,1.0,false,25
2671,0.9839999999999999,1.0,false,25
2672,0.9680000000000004,1.0,false,25
2673,0.9520000000000001,1.0,false,25
2674,0.9360000000000003,1.0,false,25
2675,0.9199999999999997,1.0,false,25
2676,0.9039999999999998,1.0,false,25
2677,0.8879999999999997,1.0,false,25
2678,0.8719999999999999,1.0,false,25
2679,0.8560000000000001,1.0,false,25
2680,0.8400000000000002,1.0,false,25
2681,0.8240000000000001,1.0,false,25
2682,0.8079999999999994,1.0,false,25
2683,0.7919999999999997,1.0,false,25
2684,0.7759999999999994,1.0,false,25
2685,0.7599999999999996,1.0,false,10
2686,0.7439999999999998,1.0,false,10
2687,0.728,1.0,false,10
2688,0.7120000000000001,1.0,false,10
2689,0.6959999999999996,1.0,false,10
2690,0.6799999999999998,1.0,false,10
2691,0.6639999999999998,1.0,false,10
2692,0.6479999999999996,1.0,false,10
2693,0.6319999999999993,1.0,false,10
2694,0.6159999999999997,1.0,false,10
2695,0.5992,1.0,false,10
2696,0.5827999999999998,1.0,false,10
2697,0.5663999999999996,1.0,false,10
2698,0.5491999999999996,1.0,false,7
2699,0.5315999999999996,1.0,false,6
2700,0.5127999999999994,1.0,true,0
2701,0.5639999999999995,1.0,true,9
2702,0.6163999999999997,1.0,true,10
2703,0.6687999999999995,1.0,true,10
2704,0.7211999999999995,1.0,true,10
2705,0.7735999999999997,1.0,true,10
2706,0.8139999999999996,1.0,true,10
2707,0.85,1.0,true,25
2708,0.8799999999999999,1.0,true,25
2709,0.91,1.0,true,25
2710,0.9399999999999998,1.0,true,25
2711,0.9699999999999998,1.0,true,25
2712,1.0,1.0,true,25
2713,1.0,1.0,true,25
2714,1.0,1.0,true,25
2715,1.0,1.0,true,25
2716,1.0,1.0,true,25
2717,1.0,1.0,true,25
2718,1.0,1.0,true,25
2719,1.0,1.0,true,25
2720,1.0,1.0,true,25
2721,1.0,1.0,true,25
2722,1.0,1.0,true,25
2723,1.0,1.0,true,25
2724,1.0,1.0,true,25
2725,1.0,1.0,true,25
2726,1.0,1.0,true,25
2727,1.0,1.0,true,25
2728,1.0,1.0,true,25
2729,1.0,1.0,true,25
2730,1.0,1.0,false,25
2731,0.9828,1.0,false,25
2732,0.9656000000000005,1.0,false,25
2733,0.9483999999999999,1.0,false,25
2734,0.9312000000000004,1.0,false,25
2735,0.9135999999999999,1.0,false,25
2736,0.8959999999999997,1.0,false,25
2737,0.8783999999999996,1.0,false,25
2738,0.8607999999999998,1.0,false,25
2739,0.8432000000000001,1.0,false,25
2740,0.8256,1.0,false,25
2741,0.8079999999999999,1.0,false,25
2742,0.7903999999999995,1.0,false,25
2743,0.7727999999999997,1.0,false,25
2744,0.7551999999999995,1.0,false,25
2745,0.7375999999999996,1.0,false,7
2746,0.7199999999999998,1.0,false,7
2747,0.7023999999999998,1.0,false,6
2748,0.6848000000000001,1.0,false,6
2749,0.6671999999999996,1.0,false,6
2750,0.6495999999999998,1.0,false,6
2751,0.6319999999999998,1.0,false,6
2752,0.6139999999999995,1.0,false,6
2753,0.5959999999999994,1.0,false,6
2754,0.5779999999999997,1.0,false,6
2755,0.5599999999999998,1.0,false,5
2756,0.5415999999999997,1.0,false,4
2757,0.5231999999999996,1.0,false,4
2758,0.5047999999999995,1.0,false,4
2759,0.48639999999999967,1.0,false,4
2760,0.4671999999999995,1.0,true,0
2761,0.5179999999999995,1.0,true,4
2762,0.5699999999999996,1.0,true,5
2763,0.6223999999999995,1.0,true,6
2764,0.6747999999999997,1.0,true,7
2765,0.7275999999999996,1.0,true,7
2766,0.7723999999999995,1.0,true,7
2767,0.8156,1.0,true,25
2768,0.8543999999999997,1.0,true,25
2769,0.892,1.0,true,25
2770,0.9279999999999998,1.0,true,25
2771,0.9639999999999997,1.0,true,25
2772,0.9999999999999999,1.0,true,25
2773,1.0,1.0,true,25
2774,1.0,1.0,true,25
2775,1.0,1.0,true,25
2776,1.0,1.0,true,25
2777,1.0,1.0,true,25
2778,1.0,1.0,true,25
2779,1.0,1.0,true,25
2780,1.0,1.0,true,25
2781,1.0,1.0,true,25
2782,1.0,1.0,true,25
2783,1.0,1.0,true,25
2784,1.0,1.0,true,25
2785,1.0,1.0,true,25
2786,1.0,1.0,true,25
2787,1.0,1.0,true,25
2788,1.0,1.0,true,25
2789,1.0,1.0,true,25
2790,1.0,1.0,false,25
2791,0.9824,1.0,false,25
2792,0.9648000000000004,1.0,false,25
2793,0.9468000000000001,1.0,false,25
2794,0.9284000000000003,1.0,false,25
2795,0.9099999999999997,1.0,false,25
2796,0.8915999999999998,1.0,false,25
2797,0.8731999999999996,1.0,false,25
2798,0.8547999999999999,1.0,false,25
2799,0.8364000000000001,1.0,false,25
2800,0.818,1.0,false,25
2801,0.7995999999999998,1.0,false,25
2802,0.7811999999999997,1.0,false,25
2803,0.7627999999999999,1.0,false,25
2804,0.7443999999999995,1.0,false,25
2805,0.7259999999999996,1.0,false,6
2806,0.7075999999999998,1.0,false,5
2807,0.6891999999999999,1.0,false,4
2808,0.6708,1.0,false,4
2809,0.6523999999999995,1.0,false,4
2810,0.6339999999999997,1.0,false,4
2811,0.6155999999999998,1.0,false,4
2812,0.5971999999999995,1.0,false,4
2813,0.5787999999999994,1.0,false,4
2814,0.5603999999999996,1.0,false,4
2815,0.5419999999999998,1.0,false,4
2816,0.5235999999999997,1.0,false,4
2817,0.5051999999999994,1.0,false,4
2818,0.4867999999999995,1.0,false,4
2819,0.4683999999999996,1.0,false,4
2820,0.44919999999999954,1.0,true,0
2821,0.4999999999999995,1.0,true,4
2822,0.5515999999999996,1.0,true,4
2823,0.6031999999999995,1.0,true,4
2824,0.6547999999999996,1.0,true,4
2825,0.7063999999999997,1.0,true,4
2826,0.7503999999999995,1.0,true,7
2827,0.7939999999999998,1.0,true,25
2828,0.8371999999999998,1.0,true,25
2829,0.8812000000000001,1.0,true,25
2830,0.9255999999999998,1.0,true,25
2831,0.9679999999999999,1.0,true,25
2832,1.0,1.0,true,25
2833,1.0,1.0,true,25
2834,1.0,1.0,true,25
2835,1.0,1.0,true,25
2836,1.0,1.0,true,25
2837,1.0,1.0,true,25
2838,1.0,1.0,true,25
2839,1.0,1.0,true,25
2840,1.0,1.0,true,25
2841,1.0,1.0,true,25
2842,1.0,1.0,true,25
2843,1.0,1.0,true,25
2844,1.0,1.0,true,25
2845,1.0,1.0,true,25
2846,1.0,1.0,true,25
2847,1.0,1.0,true,25
2848,1.0,1.0,true,25
2849,1.0,1.0,true,25
2850,1.0,1.0,false,25
2851,0.9836,1.0,false,25
2852,0.9668000000000003,1.0,false,25
2853,0.95,1.0,false,25
2854,0.9332000000000003,1.0,false,25
2855,0.9167999999999996,1.0,false,25
2856,0.9003999999999998,1.0,false,25
2857,0.8839999999999997,1.0,false,25
2858,0.8675999999999999,1.0,false,25
2859,0.8512000000000002,1.0,false,25
2860,0.8348,1.0,false,25
2861,0.8192,1.0,false,25
2862,0.8035999999999998,1.0,false,25
2863,0.7879999999999997,1.0,false,25
2864,0.7723999999999995,1.0,false,25
2865,0.7567999999999997,1.0,false,11
2866,0.7411999999999999,1.0,false,11
2867,0.7255999999999999,1.0,false,11
2868,0.71,1.0,false,11
2869,0.6943999999999997,1.0,false,11
2870,0.6783999999999999,1.0,false,9
2871,0.6619999999999997,1.0,false,9
2872,0.6451999999999996,1.0,false,9
2873,0.6283999999999995,1.0,false,9
2874,0.6115999999999996,1.0,false,8
2875,0.5947999999999998,1.0,false,8
2876,0.5775999999999997,1.0,false,8
2877,0.5603999999999997,1.0,false,8
2878,0.5423999999999997,1.0,false,6
2879,0.5239999999999996,1.0,false,4
2880,0.5047999999999994,1.0,true,0
2881,0.5559999999999995,1.0,true,6
2882,0.6083999999999997,1.0,true,9
2883,0.6615999999999995,1.0,true,9
2884,0.7143999999999996,1.0,true,9
2885,0.7671999999999997,1.0,true,11
2886,0.8115999999999999,1.0,true,11
2887,0.8475999999999999,1.0,true,25
2888,0.8795999999999998,1.0,true,25
2889,0.9116000000000001,1.0,true,25
2890,0.9435999999999999,1.0,true,25
2891,0.9719999999999998,1.0,true,25
2892,1.0,1.0,true,25
2893,1.0,1.0,true,25
2894,1.0,1.0,true,25
2895,1.0,1.0,true,25
2896,1.0,1.0,true,25
2897,1.0,1.0,true,25
2898,1.0,1.0,true,25
2899,1.0,1.0,true,25
2900,1.0,1.0,true,25
2901,1.0,1.0,true,25
2902,1.0,1.0,true,25
2903,1.0,1.0,true,25
2904,1.0,1.0,true,25
2905,1.0,1.0,true,25
2906,1.0,1.0,true,25
2907,1.0,1.0,true,25
2908,1.0,1.0,true,25
2909,1.0,1.0,true,25
2910,1.0,1.0,false,25
2911,0.9843999999999999,1.0,false,25
2912,0.9684000000000004,1.0,false,25
2913,0.9516000000000001,1.0,false,25
2914,0.9344000000000002,1.0,false,25
2915,0.9175999999999997,1.0,false,25
2916,0.9011999999999999,1.0,false,25
2917,0.8851999999999995,1.0,false,25
2918,0.8691999999999999,1.0,false,25
2919,0.8532000000000001,1.0,false,25
2920,0.8375999999999999,1.0,false,25
2921,0.8220000000000001,1.0,false,25
2922,0.8063999999999997,1.0,false,25
2923,0.7903999999999998,1.0,false,25
2924,0.7743999999999995,1.0,false,25
2925,0.7587999999999997,1.0,false,11
2926,0.7427999999999999,1.0,false,11
2927,0.7267999999999999,1.0,false,11
2928,0.7108,1.0,false,11
2929,0.6947999999999996,1.0,false,10
2930,0.6787999999999998,1.0,false,10
2931,0.6627999999999997,1.0,false,10
2932,0.6467999999999995,1.0,false,10
2933,0.6303999999999994,1.0,false,9
2934,0.6139999999999997,1.0,false,9
2935,0.5975999999999999,1.0,false,8
2936,0.5807999999999998,1.0,false,8
2937,0.5639999999999996,1.0,false,8
2938,0.5471999999999996,1.0,false,8
2939,0.5303999999999996,1.0,false,7
2940,0.5115999999999995,1.0,true,0
2941,0.5631999999999995,1.0,true,8
2942,0.6163999999999997,1.0,true,8
2943,0.6695999999999995,1.0,true,10
2944,0.7227999999999996,1.0,true,10
2945,0.7759999999999998,1.0,true,11
2946,0.8139999999999996,1.0,true,11
2947,0.8479999999999999,1.0,true,25
2948,0.8819999999999998,1.0,true,25
2949,0.9132000000000001,1.0,true,25
2950,0.9431999999999998,1.0,true,25
2951,0.9719999999999998,1.0,true,25
2952,1.0,1.0,true,25
2953,1.0,1.0,true,25
2954,1.0,1.0,true,25
2955,1.0,1.0,true,25
2956,1.0,1.0,true,25
2957,1.0,1.0,true,25
2958,1.0,1.0,true,25
2959,1.0,1.0,true,25
2960,1.0,1.0,true,25
2961,1.0,1.0,true,25
2962,1.0,1.0,true,25
2963,1.0,1.0,true,25
2964,1.0,1.0,true,25
2965,1.0,1.0,true,25
2966,1.0,1.0,true,25
2967,1.0,1.0,true,25
2968,1.0,1.0,true,25
2969,1.0,1.0,true,25
2970,1.0,1.0,false,25
2971,0.9839999999999999,1.0,false,25
2972,0.9676000000000005,1.0,false,25
2973,0.9511999999999999,1.0,false,25
2974,0.9356000000000003,1.0,false,25
2975,0.9199999999999997,1.0,false,25
2976,0.9044,1.0,false,25
2977,0.8887999999999997,1.0,false,25
2978,0.8732,1.0,false,25
2979,0.8576000000000001,1.0,false,25
2980,0.8419999999999999,1.0,false,25
2981,0.8264,1.0,false,25
2982,0.8103999999999995,1.0,false,25
2983,0.7943999999999997,1.0,false,25
2984,0.7783999999999994,1.0,false,25
2985,0.7623999999999996,1.0,false,12
2986,0.7455999999999997,1.0,false,11
2987,0.7295999999999998,1.0,false,11
2988,0.7136,1.0,false,11
2989,0.6971999999999997,1.0,false,11
2990,0.6808,1.0,false,11
2991,0.6639999999999998,1.0,false,9
2992,0.6463999999999994,1.0,false,8
2993,0.6291999999999995,1.0,false,8
2994,0.6119999999999997,1.0,false,8
2995,0.5943999999999998,1.0,false,8
2996,0.5771999999999998,1.0,false,6
2997,0.5595999999999995,1.0,false,5
2998,0.5411999999999995,1.0,false,5
2999,0.5227999999999996,1.0,false,4
3000,0.5039999999999994,1.0,true,0
3001,0.5555999999999995,1.0,true,5
3002,0.6079999999999999,1.0,true,8
3003,0.6611999999999995,1.0,true,9
3004,0.7143999999999996,1.0,true,11
3005,0.7675999999999996,1.0,true,11
3006,0.8115999999999999,1.0,true,12
3007,0.8488,1.0,true,25
3008,0.8827999999999999,1.0,true,25
3009,0.9164000000000001,1.0,true,25
3010,0.9459999999999998,1.0,true,25
3011,0.9739999999999998,1.0,true,25
3012,1.0,1.0,true,25
3013,1.0,1.0,true,25
3014,1.0,1.0,true,25
3015,1.0,1.0,true,25
3016,1.0,1.0,true,25
3017,1.0,1.0,true,25
3018,1.0,1.0,true,25
3019,1.0,1.0,true,25
3020,1.0,1.0,true,25
3021,1.0,1.0,true,25
3022,1.0,1.0,true,25
3023,1.0,1.0,true,25
3024,1.0,1.0,true,25
3025,1.0,1.0,true,25
3026,1.0,1.0,true,25
3027,1.0,1.0,true,25
3028,1.0,1.0,true,25
3029,1.0,1.0,true,25
3030,1.0,1.0,false,25
3031,0.9847999999999999,1.0,false,25
3032,0.9700000000000004,1.0,false,25
3033,0.9544,1.0,false,25
3034,0.9388000000000001,1.0,false,25
3035,0.9239999999999996,1.0,false,25
3036,0.9087999999999999,1.0,false,25
3037,0.8935999999999998,1.0,false,25
3038,0.8784000000000001,1.0,false,25
3039,0.8624,1.0,false,25
3040,0.8467999999999999,1.0,false,25
3041,0.8312,1.0,false,25
3042,0.8155999999999994,1.0,false,25
3043,0.7995999999999996,1.0,false,25
3044,0.7831999999999995,1.0,false,25
3045,0.7675999999999996,1.0,false,13
3046,0.7519999999999999,1.0,false,13
3047,0.7360000000000001,1.0,false,13
3048,0.7196000000000001,1.0,false,12
3049,0.7027999999999999,1.0,false,11
3050,0.6855999999999995,1.0,false,11
3051,0.6683999999999998,1.0,false,11
3052,0.6511999999999994,1.0,false,11
3053,0.6339999999999995,1.0,false,9
3054,0.6167999999999997,1.0,false,7
3055,0.5995999999999999,1.0,false,6
3056,0.5819999999999996,1.0,false,6
3057,0.5643999999999996,1.0,false,6
3058,0.5467999999999995,1.0,false,5
3059,0.5283999999999996,1.0,false,4
3060,0.5095999999999994,1.0,true,0
3061,0.5607999999999995,1.0,true,6
3062,0.6139999999999998,1.0,true,7
3063,0.6671999999999996,1.0,true,10
3064,0.7207999999999994,1.0,true,11
3065,0.7739999999999998,1.0,true,13
3066,0.8171999999999997,1.0,true,14
3067,0.8556,1.0,true,25
3068,0.8923999999999999,1.0,true,25
3069,0.9248000000000002,1.0,true,25
3070,0.9531999999999996,1.0,true,25
3071,0.9779999999999999,1.0,true,25
3072,1.0,1.0,true,25
3073,1.0,1.0,true,25
3074,1.0,1.0,true,25
3075,1.0,1.0,true,25
3076,1.0,1.0,true,25
3077,1.0,1.0,true,25
3078,1.0,1.0,true,25
3079,1.0,1.0,true,25
3080,1.0,1.0,true,25
3081,1.0,1.0,true,25
3082,1.0,1.0,true,25
3083,1.0,1.0,true,25
3084,1.0,1.0,true,25
3085,1.0,1.0,true,25
3086,1.0,1.0,true,25
3087,1.0,1.0,true,25
3088,1.0,1.0,true,25
3089,1.0,1.0,true,25
3090,1.0,1.0,false,25
3091,0.9836,1.0,false,25
3092,0.9672000000000004,1.0,false,25
3093,0.9508,1.0,false,25
3094,0.9340000000000004,1.0,false,25
3095,0.9171999999999997,1.0,false,25
3096,0.9007999999999998,1.0,false,25
3097,0.8839999999999997,1.0,false,25
3098,0.8675999999999999,1.0,false,25
3099,0.8512000000000002,1.0,false,25
3100,0.8344000000000001,1.0,false,25
3101,0.8175999999999999,1.0,false,25
3102,0.8011999999999995,1.0,false,25
3103,0.7847999999999996,1.0,false,25
3104,0.7683999999999996,1.0,false,25
